id,t,income,life,ncig
1,1,300,2,0
1,2,300,2,2.75
2,1,300,2,7.75
2,2,300,3,10.5
3,1,50,4,0
3,2,300,4,0
4,1,400,3,7.75
4,2,400,3,0
5,1,200,2,0
5,2,200,3,0
6,1,0,3,0
6,2,12.5,3,0
7,1,50,3,0
7,2,0,3,0
8,1,400,3,0
8,2,700,3,0
9,1,500,3,0
9,2,700,3,7.75
10,1,0,3,2.75
10,2,0,4,2.75
11,1,0,3,0
11,2,12.5,3,2.75
12,1,50,2,2.75
12,2,12.5,3,2.75
13,1,700,4,12.75
13,2,700,4,0
14,1,400,2,12.75
14,2,400,2,20.5
15,1,700,3,7.75
15,2,1000,3,0
16,1,300,3,0
16,2,300,3,0
17,1,100,4,0
17,2,400,4,12.75
18,1,200,2,0
18,2,200,3,0
19,1,100,3,0
19,2,400,4,10.5
20,1,100,3,2.75
20,2,0,3,0
21,1,12.5,3,0
21,2,50,4,0
22,1,0,4,0
22,2,0,4,0
23,1,0,2,0
23,2,0,4,0
24,1,300,0,7.75
24,2,300,4,0
25,1,500,3,2.75
25,2,500,4,7.75
26,1,400,3,12.75
26,2,300,2,7.75
27,1,200,2,0
27,2,200,3,7.75
28,1,300,4,0
28,2,300,4,0
29,1,50,2,7.75
29,2,12.5,1,2.75
30,1,700,2,0
30,2,700,1,7.75
31,1,700,3,0
31,2,1000,2,0
32,1,300,2,0
32,2,300,2,0
33,1,0,1,0
33,2,500,1,0
34,1,500,2,0
34,2,500,2,0
35,1,200,3,0
35,2,500,4,2.75
36,1,400,3,0
36,2,500,3,0
37,1,100,2,0
37,2,100,3,0
38,1,500,3,2.75
38,2,500,3,2.75
39,1,300,1,25.5
39,2,200,1,7.75
40,1,1500,3,0
40,2,1000,4,2.75
41,1,700,3,15.5
41,2,700,4,20.5
42,1,300,4,0
42,2,200,4,0
43,1,200,3,2.75
43,2,300,4,10.5
44,1,0,3,0
44,2,0,3,2.75
45,1,12.5,1,0
45,2,0,2,0
46,1,200,2,15.5
46,2,50,2,0
47,1,50,3,0
47,2,300,3,0
48,1,12.5,3,7.75
48,2,12.5,4,7.75
49,1,300,3,7.75
49,2,500,4,0
50,1,500,3,0
50,2,300,2,0
51,1,500,3,12.75
51,2,500,4,0
52,1,0,3,2.75
52,2,0,4,0
53,1,500,1,15.5
53,2,700,3,7.75
54,1,700,2,0
54,2,500,2,12.75
55,1,12.5,3,2.75
55,2,0,4,7.75
56,1,0,4,2.75
56,2,0,3,0
57,1,200,3,0
57,2,200,3,0
58,1,200,3,10.5
58,2,300,3,2.75
59,1,300,4,0
59,2,300,3,0
60,1,2250,3,0
60,2,2250,3,0
61,1,1000,1,0
61,2,1000,1,0
62,1,400,1,15.5
62,2,400,1,7.75
63,1,12.5,2,0
63,2,50,1,0
64,1,400,3,2.75
64,2,500,3,0
65,1,500,2,2.75
65,2,500,1,7.75
66,1,0,2,0
66,2,0,4,0
67,1,0,3,0
67,2,0,3,0
68,1,200,1,12.75
68,2,200,1,2.75
69,1,500,1,0
69,2,500,3,7.75
70,1,200,0,12.75
70,2,200,0,10.5
71,1,400,1,0
71,2,500,3,0
72,1,1000,2,7.75
72,2,1000,2,12.75
73,1,200,2,0
73,2,300,1,12.75
74,1,500,4,0
74,2,700,3,7.75
75,1,700,3,0
75,2,1000,3,7.75
76,1,500,3,12.75
76,2,500,4,7.75
77,1,300,2,15.5
77,2,500,2,7.75
78,1,300,2,7.75
78,2,500,2,0
79,1,400,3,7.75
79,2,400,4,0
80,1,300,1,25.5
80,2,300,1,15.5
81,1,500,2,7.75
81,2,700,3,0
82,1,100,2,0
82,2,100,2,12.75
83,1,200,1,2.75
83,2,300,3,2.75
84,1,300,3,0
84,2,400,3,0
85,1,400,3,0
85,2,400,3,0
86,1,400,3,12.75
86,2,700,2,0
87,1,400,3,7.75
87,2,400,3,7.75
88,1,0,3,0
88,2,0,3,0
89,1,300,2,7.75
89,2,100,2,0
90,1,500,4,0
90,2,500,4,12.75
91,1,0,3,0
91,2,50,4,7.75
92,1,400,2,7.75
92,2,500,2,2.75
93,1,700,3,7.75
93,2,700,4,7.75
94,1,50,3,0
94,2,50,3,0
95,1,200,3,15.5
95,2,100,3,10.5
96,1,500,3,12.75
96,2,500,3,12.75
97,1,500,2,0
97,2,500,2,5.5
98,1,300,4,0
98,2,200,4,0
99,1,700,3,7.75
99,2,500,4,12.75
100,1,300,3,7.75
100,2,200,3,0
101,1,300,4,7.75
101,2,400,3,0
102,1,300,2,0
102,2,400,3,0
103,1,100,1,0
103,2,100,3,7.75
104,1,700,1,0
104,2,700,3,7.75
105,1,12.5,3,0
105,2,50,3,0
106,1,100,4,5.5
106,2,100,3,0
107,1,200,1,12.75
107,2,200,2,15.5
108,1,200,1,0
108,2,300,3,0
109,1,300,3,0
109,2,500,3,7.75
110,1,300,2,0
110,2,200,0,0
111,1,300,3,0
111,2,300,3,0
112,1,500,2,12.75
112,2,500,2,20.5
113,1,1500,1,0
113,2,1000,2,0
114,1,100,2,10.5
114,2,100,3,0
115,1,0,3,0
115,2,0,3,0
116,1,12.5,1,0
116,2,12.5,1,0
117,1,50,3,0
117,2,12.5,3,0
118,1,0,2,0
118,2,400,2,0
119,1,0,3,2.75
119,2,500,3,10.5
120,1,300,1,2.75
120,2,200,1,0
121,1,0,3,0
121,2,12.5,4,0
122,1,700,3,0
122,2,1000,3,0
123,1,1000,4,0
123,2,700,4,0
124,1,100,2,7.75
124,2,0,3,0
125,1,400,2,12.75
125,2,500,3,0
126,1,0,4,0
126,2,500,4,7.75
127,1,500,3,0
127,2,400,3,0
128,1,0,3,2.75
128,2,200,3,12.75
129,1,300,1,0
129,2,300,0,0
130,1,0,3,0
130,2,0,3,0
131,1,300,2,7.75
131,2,300,2,0
132,1,100,3,0
132,2,300,3,7.75
133,1,400,3,7.75
133,2,500,2,5.5
134,1,200,0,0
134,2,200,2,0
135,1,0,3,7.75
135,2,0,2,0
136,1,300,2,2.75
136,2,300,3,0
137,1,500,3,7.75
137,2,500,3,0
138,1,300,3,7.75
138,2,400,3,0
139,1,700,3,7.75
139,2,700,3,7.75
140,1,200,3,0
140,2,50,3,7.75
141,1,200,2,0
141,2,300,2,0
142,1,500,3,0
142,2,400,2,2.75
143,1,0,4,0
143,2,0,4,7.75
144,1,700,3,0
144,2,700,4,2.75
145,1,1000,4,7.75
145,2,1000,4,7.75
146,1,12.5,3,0
146,2,50,2,0
147,1,100,3,0
147,2,0,3,2.75
148,1,0,4,2.75
148,2,0,4,0
149,1,700,2,0
149,2,500,1,0
150,1,12.5,4,0
150,2,12.5,4,2.75
151,1,200,3,0
151,2,300,3,0
152,1,400,2,0
152,2,100,2,0
153,1,300,3,15.5
153,2,400,3,15.5
154,1,300,3,0
154,2,300,1,0
155,1,200,2,7.75
155,2,200,2,0
156,1,200,3,7.75
156,2,200,4,12.75
157,1,0,3,7.75
157,2,300,3,15.5
158,1,100,3,0
158,2,200,3,0
159,1,200,3,2.75
159,2,300,3,10.5
160,1,300,3,7.75
160,2,700,1,2.75
161,1,400,2,20.5
161,2,400,1,15.5
162,1,0,3,7.75
162,2,50,3,0
163,1,50,2,0
163,2,200,0,0
164,1,12.5,3,0
164,2,0,3,0
165,1,400,3,7.75
165,2,500,4,0
166,1,200,1,7.75
166,2,300,1,7.75
167,1,400,4,15.5
167,2,400,3,15.5
168,1,200,2,0
168,2,300,2,0
169,1,100,3,2.75
169,2,300,2,2.75
170,1,12.5,3,0
170,2,200,3,7.75
171,1,0,4,0
171,2,0,4,0
172,1,400,2,12.75
172,2,500,3,20.5
173,1,100,2,2.75
173,2,300,3,2.75
174,1,200,2,0
174,2,300,2,0
175,1,700,3,15.5
175,2,700,2,10.5
176,1,400,3,0
176,2,50,3,0
177,1,200,4,2.75
177,2,200,3,0
178,1,400,2,2.75
178,2,500,3,2.75
179,1,300,2,0
179,2,300,3,0
180,1,12.5,4,0
180,2,50,2,2.75
181,1,400,4,7.75
181,2,500,4,7.75
182,1,300,3,0
182,2,400,1,0
183,1,50,3,0
183,2,50,3,7.75
184,1,400,3,0
184,2,500,3,0
185,1,500,3,0
185,2,400,3,0
186,1,500,2,0
186,2,700,2,0
187,1,1000,3,0
187,2,500,3,0
188,1,700,3,0
188,2,700,3,0
189,1,300,3,0
189,2,300,4,0
190,1,400,2,0
190,2,400,1,0
191,1,200,2,12.75
191,2,300,1,25.5
192,1,400,3,15.5
192,2,500,3,15.5
193,1,400,2,7.75
193,2,400,4,0
194,1,0,3,0
194,2,12.5,3,0
195,1,0,4,0
195,2,0,4,7.75
196,1,300,3,7.75
196,2,300,4,2.75
197,1,500,3,7.75
197,2,700,3,7.75
198,1,300,1,0
198,2,300,2,0
199,1,300,3,0
199,2,50,3,0
200,1,100,3,2.75
200,2,100,3,0
201,1,100,3,2.75
201,2,200,3,7.75
202,1,300,3,0
202,2,300,3,12.75
203,1,12.5,3,0
203,2,50,1,0
204,1,300,3,15.5
204,2,300,3,7.75
205,1,500,4,7.75
205,2,500,3,7.75
206,1,200,3,0
206,2,200,4,2.75
207,1,400,3,7.75
207,2,500,3,7.75
208,1,700,4,0
208,2,700,3,7.75
209,1,700,2,0
209,2,700,3,0
210,1,50,0,0
210,2,50,0,0
211,1,100,3,2.75
211,2,100,4,2.75
212,1,300,2,0
212,2,200,2,12.75
213,1,400,3,7.75
213,2,300,3,15.5
214,1,0,4,0
214,2,0,3,0
215,1,500,4,2.75
215,2,700,4,0
216,1,300,3,2.75
216,2,300,3,7.75
217,1,0,3,0
217,2,0,2,0
218,1,300,3,0
218,2,300,4,0
219,1,50,3,2.75
219,2,0,4,2.75
220,1,400,1,0
220,2,500,2,2.75
221,1,400,3,0
221,2,300,4,2.75
222,1,50,3,0
222,2,200,3,0
223,1,12.5,2,7.75
223,2,0,4,0
224,1,200,1,0
224,2,400,2,7.75
225,1,100,2,0
225,2,500,2,2.75
226,1,500,3,12.75
226,2,500,3,7.75
227,1,300,3,10.5
227,2,300,3,0
228,1,100,3,0
228,2,200,4,0
229,1,700,2,7.75
229,2,700,3,7.75
230,1,300,2,0
230,2,300,3,0
231,1,300,3,7.75
231,2,400,3,0
232,1,400,2,2.75
232,2,400,2,0
233,1,200,3,0
233,2,200,2,0
234,1,0,3,7.75
234,2,0,3,7.75
235,1,300,3,2.75
235,2,300,4,2.75
236,1,400,3,2.75
236,2,500,3,2.75
237,1,400,2,0
237,2,400,3,2.75
238,1,0,0,2.75
238,2,0,3,2.75
239,1,50,3,0
239,2,100,3,0
240,1,50,3,0
240,2,0,3,0
241,1,200,3,0
241,2,200,3,0
242,1,500,3,0
242,2,500,4,2.75
243,1,700,2,0
243,2,700,2,0
244,1,0,3,2.75
244,2,0,3,0
245,1,200,3,0
245,2,200,4,0
246,1,300,3,0
246,2,300,2,0
247,1,300,3,10.5
247,2,50,4,0
248,1,0,4,0
248,2,0,4,0
249,1,500,0,15.5
249,2,400,1,7.75
250,1,100,4,5.5
250,2,300,3,2.75
251,1,200,1,0
251,2,300,3,2.75
252,1,200,3,7.75
252,2,200,3,0
253,1,100,2,2.75
253,2,200,3,2.75
254,1,300,3,0
254,2,300,3,0
255,1,700,4,2.75
255,2,700,3,10.5
256,1,12.5,3,0
256,2,50,3,0
257,1,100,1,0
257,2,100,1,0
258,1,200,0,0
258,2,50,1,12.75
259,1,300,4,0
259,2,200,4,0
260,1,300,3,0
260,2,300,2,0
261,1,200,3,0
261,2,700,3,7.75
262,1,200,3,7.75
262,2,400,3,0
263,1,500,2,20.5
263,2,500,3,25.5
264,1,300,2,0
264,2,300,4,0
265,1,2250,4,12.75
265,2,0,4,0
266,1,0,4,0
266,2,0,4,0
267,1,100,3,7.75
267,2,100,3,7.75
268,1,1000,3,0
268,2,1500,3,0
269,1,100,3,0
269,2,200,3,0
270,1,100,0,2.75
270,2,100,4,0
271,1,0,4,0
271,2,0,4,7.75
272,1,400,2,25.5
272,2,300,1,12.75
273,1,700,3,7.75
273,2,700,3,2.75
274,1,100,2,7.75
274,2,100,2,7.75
275,1,400,2,2.75
275,2,500,3,2.75
276,1,1500,3,0
276,2,2000,4,0
277,1,12.5,3,0
277,2,200,2,0
278,1,12.5,3,0
278,2,12.5,4,7.75
279,1,300,1,12.75
279,2,400,2,0
280,1,400,1,7.75
280,2,400,3,7.75
281,1,200,3,0
281,2,400,2,0
282,1,400,3,0
282,2,500,4,12.75
283,1,200,3,0
283,2,400,2,12.75
284,1,500,3,2.75
284,2,500,3,0
285,1,400,2,12.75
285,2,500,4,12.75
286,1,0,4,0
286,2,50,4,0
287,1,200,1,0
287,2,200,1,7.75
288,1,50,3,0
288,2,50,3,0
289,1,200,3,0
289,2,400,3,0
290,1,12.5,3,0
290,2,12.5,3,2.75
291,1,500,3,12.75
291,2,1000,3,12.75
292,1,0,0,12.75
292,2,200,2,10.5
293,1,100,3,0
293,2,100,3,0
294,1,300,2,12.75
294,2,300,1,0
295,1,500,3,12.75
295,2,200,3,0
296,1,200,1,0
296,2,300,1,7.75
297,1,400,3,2.75
297,2,500,3,10.5
298,1,200,2,2.75
298,2,200,3,7.75
299,1,300,1,0
299,2,400,2,12.75
300,1,300,3,7.75
300,2,300,2,0
301,1,500,3,12.75
301,2,500,3,7.75
302,1,0,0,12.75
302,2,0,2,0
303,1,12.5,3,0
303,2,0,3,0
304,1,0,2,0
304,2,100,3,7.75
305,1,200,3,0
305,2,300,3,0
306,1,0,4,0
306,2,12.5,1,7.75
307,1,400,4,2.75
307,2,300,3,0
308,1,0,1,2.75
308,2,0,1,0
309,1,0,4,0
309,2,50,3,0
310,1,0,3,0
310,2,0,3,7.75
311,1,200,2,0
311,2,300,4,0
312,1,200,0,7.75
312,2,200,0,0
313,1,500,3,20.5
313,2,500,4,7.75
314,1,500,4,12.75
314,2,500,4,0
315,1,300,3,7.75
315,2,500,3,0
316,1,0,4,0
316,2,0,4,0
317,1,50,1,0
317,2,300,1,0
318,1,50,3,0
318,2,400,3,0
319,1,12.5,3,0
319,2,0,3,0
320,1,0,4,0
320,2,0,4,0
321,1,50,1,0
321,2,12.5,3,0
322,1,700,3,15.5
322,2,500,3,7.75
323,1,12.5,3,0
323,2,12.5,3,2.75
324,1,500,3,0
324,2,400,3,0
325,1,500,3,5.5
325,2,700,3,5.5
326,1,300,3,15.5
326,2,300,3,7.75
327,1,300,2,0
327,2,400,3,0
328,1,300,2,7.75
328,2,300,3,10.5
329,1,700,4,0
329,2,700,4,0
330,1,700,2,2.75
330,2,700,3,0
331,1,300,4,12.75
331,2,400,4,0
332,1,100,0,7.75
332,2,50,1,0
333,1,0,2,10.5
333,2,0,2,2.75
334,1,200,1,0
334,2,200,2,0
335,1,50,4,15.5
335,2,400,3,2.75
336,1,1000,4,15.5
336,2,1000,4,25.5
337,1,300,1,7.75
337,2,400,1,0
338,1,0,3,0
338,2,0,2,0
339,1,0,3,0
339,2,0,2,12.75
340,1,0,2,2.75
340,2,0,2,2.75
341,1,500,2,7.75
341,2,50,1,0
342,1,700,4,0
342,2,700,4,0
343,1,400,3,7.75
343,2,400,4,12.75
344,1,0,3,2.75
344,2,0,3,0
345,1,0,3,12.75
345,2,0,3,7.75
346,1,50,3,0
346,2,300,3,0
347,1,12.5,1,0
347,2,50,0,0
348,1,12.5,3,2.75
348,2,50,2,0
349,1,300,2,7.75
349,2,300,1,7.75
350,1,0,3,0
350,2,0,2,0
351,1,400,2,12.75
351,2,400,2,0
352,1,0,2,0
352,2,0,3,0
353,1,100,2,10.5
353,2,200,0,0
354,1,400,4,0
354,2,400,4,0
355,1,0,2,0
355,2,0,4,7.75
356,1,0,4,0
356,2,0,4,0
357,1,100,3,7.75
357,2,50,3,7.75
358,1,500,3,12.75
358,2,500,4,7.75
359,1,700,3,0
359,2,700,3,0
360,1,1000,3,0
360,2,1000,3,0
361,1,50,3,7.75
361,2,50,3,7.75
362,1,300,3,0
362,2,500,4,7.75
363,1,1500,3,0
363,2,500,3,7.75
364,1,300,3,7.75
364,2,0,2,7.75
365,1,400,3,0
365,2,0,3,0
366,1,200,4,7.75
366,2,200,4,2.75
367,1,300,3,0
367,2,0,4,0
368,1,400,3,2.75
368,2,500,3,2.75
369,1,400,4,0
369,2,400,3,0
370,1,500,3,7.75
370,2,400,3,12.75
371,1,700,3,0
371,2,500,3,0
372,1,100,1,15.5
372,2,300,1,7.75
373,1,700,3,2.75
373,2,700,3,0
374,1,300,3,7.75
374,2,400,3,0
375,1,12.5,0,0
375,2,100,1,0
376,1,500,1,2.75
376,2,700,0,2.75
377,1,500,3,10.5
377,2,700,3,2.75
378,1,400,4,0
378,2,400,4,0
379,1,700,3,0
379,2,700,3,0
380,1,0,1,10.5
380,2,200,2,10.5
381,1,0,4,0
381,2,50,3,7.75
382,1,0,4,0
382,2,400,4,0
383,1,200,0,12.75
383,2,100,4,0
384,1,100,2,12.75
384,2,100,1,12.75
385,1,200,3,0
385,2,0,3,0
386,1,400,3,0
386,2,300,3,0
387,1,200,1,12.75
387,2,300,2,0
388,1,500,3,10.5
388,2,500,3,20.5
389,1,200,3,0
389,2,300,4,0
390,1,400,1,0
390,2,300,1,0
391,1,500,2,0
391,2,700,1,0
392,1,300,2,12.75
392,2,300,1,12.75
393,1,700,0,2.75
393,2,700,3,7.75
394,1,100,2,7.75
394,2,200,2,7.75
395,1,500,3,2.75
395,2,500,3,7.75
396,1,500,3,2.75
396,2,500,3,0
397,1,200,1,0
397,2,400,2,7.75
398,1,50,3,7.75
398,2,100,3,0
399,1,400,1,15.5
399,2,500,2,7.75
400,1,500,3,12.75
400,2,700,3,0
401,1,0,3,0
401,2,200,1,0
402,1,700,3,7.75
402,2,1000,4,15.5
403,1,50,2,12.75
403,2,100,3,0
404,1,200,3,0
404,2,200,3,0
405,1,100,3,2.75
405,2,200,3,0
406,1,12.5,3,7.75
406,2,12.5,3,0
407,1,100,4,0
407,2,100,4,0
408,1,200,3,7.75
408,2,200,2,7.75
409,1,12.5,2,0
409,2,100,3,0
410,1,100,3,7.75
410,2,50,3,2.75
411,1,300,3,0
411,2,300,3,0
412,1,12.5,3,2.75
412,2,12.5,3,2.75
413,1,0,3,0
413,2,0,3,2.75
414,1,500,3,0
414,2,500,4,12.75
415,1,0,3,0
415,2,0,3,0
416,1,100,3,7.75
416,2,400,2,15.5
417,1,400,2,20.5
417,2,300,1,12.75
418,1,50,2,2.75
418,2,50,2,2.75
419,1,300,2,7.75
419,2,300,2,10.5
420,1,0,3,0
420,2,0,3,0
421,1,100,1,7.75
421,2,200,3,0
422,1,500,4,15.5
422,2,400,3,7.75
423,1,400,3,0
423,2,400,3,0
424,1,12.5,2,0
424,2,100,3,0
425,1,400,2,20.5
425,2,500,2,10.5
426,1,500,3,7.75
426,2,700,4,7.75
427,1,100,2,2.75
427,2,100,2,0
428,1,400,3,0
428,2,500,3,0
429,1,400,2,12.75
429,2,400,3,7.75
430,1,500,3,0
430,2,700,3,0
431,1,200,0,0
431,2,300,1,0
432,1,0,4,0
432,2,0,4,0
433,1,400,3,2.75
433,2,500,3,0
434,1,700,3,12.75
434,2,200,3,7.75
435,1,50,1,2.75
435,2,12.5,0,10.5
436,1,400,3,7.75
436,2,400,3,7.75
437,1,300,3,15.5
437,2,400,3,2.75
438,1,500,2,7.75
438,2,700,3,0
439,1,0,1,15.5
439,2,50,2,10.5
440,1,300,1,0
440,2,300,2,0
441,1,100,3,0
441,2,200,3,0
442,1,300,3,0
442,2,400,3,0
443,1,100,2,7.75
443,2,0,1,0
444,1,200,3,2.75
444,2,300,1,2.75
445,1,100,3,12.75
445,2,200,1,7.75
446,1,400,2,7.75
446,2,500,4,20.5
447,1,100,3,0
447,2,100,3,2.75
448,1,500,2,7.75
448,2,500,2,15.5
449,1,400,2,7.75
449,2,400,3,0
450,1,200,3,0
450,2,200,3,7.75
451,1,300,2,7.75
451,2,500,1,0
452,1,12.5,3,2.75
452,2,100,3,2.75
453,1,50,3,2.75
453,2,12.5,3,2.75
454,1,500,2,7.75
454,2,500,2,0
455,1,100,3,0
455,2,500,3,0
456,1,300,4,0
456,2,300,4,0
457,1,100,1,2.75
457,2,400,3,0
458,1,400,1,15.5
458,2,400,3,7.75
459,1,300,3,0
459,2,300,2,0
460,1,700,2,0
460,2,700,3,0
461,1,100,3,0
461,2,200,3,0
462,1,700,3,0
462,2,700,3,0
463,1,400,3,0
463,2,500,4,0
464,1,100,3,2.75
464,2,100,2,2.75
465,1,50,3,0
465,2,500,3,7.75
466,1,300,4,0
466,2,300,4,0
467,1,300,2,0
467,2,200,3,2.75
468,1,300,1,2.75
468,2,300,3,2.75
469,1,500,3,0
469,2,700,3,0
470,1,100,3,15.5
470,2,0,4,0
471,1,300,3,0
471,2,400,3,7.75
472,1,300,1,0
472,2,300,3,0
473,1,200,1,2.75
473,2,200,2,2.75
474,1,300,3,0
474,2,200,4,0
475,1,700,3,7.75
475,2,700,3,7.75
476,1,400,3,2.75
476,2,500,0,20.5
477,1,700,4,0
477,2,700,3,0
478,1,500,3,7.75
478,2,500,3,0
479,1,700,2,15.5
479,2,500,4,7.75
480,1,500,3,7.75
480,2,300,3,0
481,1,500,4,0
481,2,500,4,7.75
482,1,500,3,0
482,2,500,3,0
483,1,700,3,7.75
483,2,700,4,7.75
484,1,300,3,0
484,2,400,3,0
485,1,100,4,0
485,2,300,4,7.75
486,1,50,3,0
486,2,50,2,7.75
487,1,100,1,0
487,2,0,1,0
488,1,700,3,15.5
488,2,700,2,7.75
489,1,1000,3,7.75
489,2,1000,3,12.75
490,1,1500,4,0
490,2,1500,4,0
491,1,200,3,0
491,2,200,4,0
492,1,400,2,0
492,2,300,2,0
493,1,700,1,0
493,2,700,3,0
494,1,0,2,0
494,2,0,2,0
495,1,100,2,2.75
495,2,100,3,2.75
496,1,50,3,0
496,2,100,3,7.75
497,1,400,4,10.5
497,2,300,3,10.5
498,1,500,4,0
498,2,400,4,0
499,1,400,3,0
499,2,400,3,0
500,1,200,3,0
500,2,200,1,0
501,1,100,1,0
501,2,200,1,0
502,1,500,3,12.75
502,2,500,3,12.75
503,1,400,1,12.75
503,2,400,0,0
504,1,500,4,7.75
504,2,700,3,7.75
505,1,400,2,0
505,2,500,2,10.5
506,1,400,3,0
506,2,400,3,0
507,1,400,3,7.75
507,2,500,3,20.5
508,1,400,3,0
508,2,300,3,0
509,1,50,3,2.75
509,2,0,3,2.75
510,1,0,2,2.75
510,2,50,2,10.5
511,1,500,3,0
511,2,500,3,0
512,1,500,2,0
512,2,700,2,2.75
513,1,500,3,0
513,2,500,3,0
514,1,0,2,0
514,2,0,3,0
515,1,100,3,7.75
515,2,50,2,2.75
516,1,700,2,7.75
516,2,500,2,7.75
517,1,100,3,7.75
517,2,300,2,7.75
518,1,300,3,0
518,2,300,3,0
519,1,200,2,0
519,2,300,3,0
520,1,200,3,0
520,2,300,3,0
521,1,300,3,0
521,2,200,2,7.75
522,1,100,0,0
522,2,200,3,0
523,1,200,3,2.75
523,2,300,3,2.75
524,1,200,3,0
524,2,200,3,0
525,1,200,2,2.75
525,2,300,2,2.75
526,1,100,3,15.5
526,2,200,0,15.5
527,1,200,3,0
527,2,300,4,0
528,1,400,3,0
528,2,500,3,15.5
529,1,300,3,0
529,2,400,3,0
530,1,0,4,0
530,2,0,4,7.75
531,1,0,3,0
531,2,50,4,0
532,1,200,3,0
532,2,400,3,2.75
533,1,200,2,7.75
533,2,0,3,0
534,1,100,2,7.75
534,2,200,2,2.75
535,1,50,4,0
535,2,400,3,0
536,1,500,3,2.75
536,2,500,3,0
537,1,1000,3,5.5
537,2,100,2,2.75
538,1,0,3,0
538,2,400,2,0
539,1,300,3,0
539,2,300,3,0
540,1,700,4,0
540,2,700,4,7.75
541,1,300,3,0
541,2,200,4,0
542,1,0,2,0
542,2,0,3,0
543,1,100,4,0
543,2,0,4,0
544,1,500,3,12.75
544,2,500,4,0
545,1,500,2,12.75
545,2,500,1,7.75
546,1,300,3,0
546,2,300,2,0
547,1,400,3,0
547,2,400,3,0
548,1,500,2,7.75
548,2,400,4,7.75
549,1,700,3,2.75
549,2,1000,3,2.75
550,1,12.5,2,2.75
550,2,0,4,0
551,1,0,3,0
551,2,0,3,0
552,1,300,2,12.75
552,2,200,3,7.75
553,1,500,3,7.75
553,2,1000,3,7.75
554,1,700,1,2.75
554,2,700,2,0
555,1,700,4,0
555,2,700,3,0
556,1,300,2,0
556,2,400,1,7.75
557,1,100,3,0
557,2,100,4,0
558,1,700,2,7.75
558,2,700,2,0
559,1,300,2,7.75
559,2,300,2,0
560,1,400,3,0
560,2,500,4,0
561,1,500,1,0
561,2,700,3,0
562,1,300,3,20.5
562,2,400,3,12.75
563,1,50,4,5.5
563,2,0,3,2.75
564,1,500,3,2.75
564,2,500,4,0
565,1,500,2,12.75
565,2,400,2,15.5
566,1,500,1,0
566,2,500,2,0
567,1,300,3,7.75
567,2,100,4,0
568,1,0,3,0
568,2,0,3,0
569,1,0,3,0
569,2,0,3,0
570,1,300,3,0
570,2,200,2,0
571,1,500,2,15.5
571,2,500,3,2.75
572,1,100,2,0
572,2,100,4,2.75
573,1,300,3,2.75
573,2,300,2,2.75
574,1,200,1,0
574,2,100,0,0
575,1,100,1,7.75
575,2,100,2,2.75
576,1,100,3,0
576,2,0,3,0
577,1,200,2,0
577,2,200,2,7.75
578,1,500,2,2.75
578,2,700,3,0
579,1,300,2,2.75
579,2,400,1,7.75
580,1,400,3,0
580,2,700,4,0
581,1,50,4,2.75
581,2,50,3,2.75
582,1,500,3,0
582,2,400,3,2.75
583,1,400,4,15.5
583,2,500,4,7.75
584,1,300,3,2.75
584,2,300,4,2.75
585,1,300,2,0
585,2,200,3,0
586,1,200,3,0
586,2,300,3,7.75
587,1,1000,3,0
587,2,1000,3,15.5
588,1,400,3,7.75
588,2,500,3,7.75
589,1,200,1,2.75
589,2,400,1,0
590,1,300,1,0
590,2,400,1,0
591,1,200,2,7.75
591,2,100,0,7.75
592,1,300,2,0
592,2,300,4,0
593,1,200,3,0
593,2,300,3,7.75
594,1,400,3,15.5
594,2,500,3,7.75
595,1,200,3,0
595,2,300,3,0
596,1,700,2,12.75
596,2,300,2,12.75
597,1,300,0,0
597,2,300,1,0
598,1,400,3,0
598,2,500,3,12.75
599,1,500,3,0
599,2,700,2,0
600,1,100,1,0
600,2,200,1,0
601,1,200,3,0
601,2,200,4,0
602,1,200,3,0
602,2,200,3,0
603,1,500,3,7.75
603,2,700,3,7.75
604,1,100,1,0
604,2,100,2,7.75
605,1,100,1,5.5
605,2,200,0,0
606,1,700,3,7.75
606,2,1000,3,2.75
607,1,100,3,7.75
607,2,200,3,7.75
608,1,100,3,2.75
608,2,300,4,7.75
609,1,400,1,0
609,2,300,2,7.75
610,1,300,1,7.75
610,2,400,3,7.75
611,1,200,3,0
611,2,300,2,0
612,1,300,3,10.5
612,2,400,2,10.5
613,1,300,3,0
613,2,400,4,0
614,1,0,2,0
614,2,0,3,0
615,1,300,2,2.75
615,2,300,2,2.75
616,1,400,4,7.75
616,2,500,4,0
617,1,300,2,12.75
617,2,300,3,15.5
618,1,400,2,7.75
618,2,400,3,7.75
619,1,700,4,0
619,2,700,4,0
620,1,700,4,0
620,2,700,4,0
621,1,50,3,0
621,2,50,4,0
622,1,500,3,0
622,2,700,3,0
623,1,300,2,0
623,2,300,2,7.75
624,1,100,3,15.5
624,2,50,2,12.75
625,1,50,3,0
625,2,100,4,0
626,1,300,0,2.75
626,2,200,0,7.75
627,1,12.5,1,0
627,2,400,2,0
628,1,50,2,0
628,2,200,3,0
629,1,300,3,7.75
629,2,400,3,0
630,1,50,4,10.5
630,2,100,3,7.75
631,1,12.5,3,0
631,2,500,2,0
632,1,500,4,2.75
632,2,700,3,0
633,1,100,4,0
633,2,100,4,0
634,1,400,2,20.5
634,2,500,3,10.5
635,1,700,3,7.75
635,2,500,3,12.75
636,1,500,4,0
636,2,500,4,0
637,1,300,3,7.75
637,2,400,2,7.75
638,1,400,1,15.5
638,2,300,1,15.5
639,1,700,3,0
639,2,700,4,0
640,1,500,3,0
640,2,500,2,0
641,1,500,2,0
641,2,500,3,7.75
642,1,100,3,12.75
642,2,100,4,12.75
643,1,500,4,0
643,2,400,3,0
644,1,0,4,0
644,2,0,3,0
645,1,50,3,0
645,2,300,3,0
646,1,400,4,0
646,2,700,3,7.75
647,1,100,2,0
647,2,100,2,0
648,1,100,1,2.75
648,2,200,1,0
649,1,50,2,0
649,2,50,2,2.75
650,1,0,0,12.75
650,2,0,2,12.75
651,1,0,2,0
651,2,300,2,7.75
652,1,0,2,2.75
652,2,0,3,0
653,1,300,2,7.75
653,2,400,2,0
654,1,300,3,10.5
654,2,300,3,7.75
655,1,500,4,2.75
655,2,500,4,2.75
656,1,50,4,0
656,2,300,3,0
657,1,400,3,0
657,2,400,3,0
658,1,200,3,0
658,2,200,3,2.75
659,1,12.5,3,0
659,2,200,3,0
660,1,100,3,7.75
660,2,200,3,7.75
661,1,300,3,2.75
661,2,300,3,12.75
662,1,300,2,15.5
662,2,200,3,0
663,1,1000,4,10.5
663,2,1000,4,0
664,1,400,0,7.75
664,2,400,3,7.75
665,1,400,3,0
665,2,400,3,0
666,1,0,3,0
666,2,100,3,7.75
667,1,0,3,12.75
667,2,0,3,0
668,1,500,0,0
668,2,400,0,0
669,1,0,4,0
669,2,0,3,0
670,1,200,3,7.75
670,2,300,2,7.75
671,1,50,3,0
671,2,12.5,2,2.75
672,1,400,3,0
672,2,500,3,0
673,1,0,3,0
673,2,300,3,0
674,1,300,4,5.5
674,2,400,2,5.5
675,1,200,3,12.75
675,2,200,3,7.75
676,1,0,4,0
676,2,0,4,0
677,1,400,1,7.75
677,2,50,2,0
678,1,0,4,2.75
678,2,0,4,0
679,1,50,3,0
679,2,100,3,0
680,1,300,1,0
680,2,300,2,2.75
681,1,200,4,0
681,2,200,3,0
682,1,50,3,0
682,2,50,4,0
683,1,100,3,2.75
683,2,300,3,2.75
684,1,300,2,12.75
684,2,300,2,0
685,1,0,3,0
685,2,0,3,0
686,1,12.5,3,0
686,2,200,4,0
687,1,100,3,0
687,2,300,3,0
688,1,200,3,2.75
688,2,50,3,0
689,1,0,3,0
689,2,0,4,0
690,1,700,1,10.5
690,2,700,1,7.75
691,1,12.5,3,0
691,2,50,3,0
692,1,200,3,0
692,2,300,2,0
693,1,200,4,0
693,2,0,3,0
694,1,200,2,15.5
694,2,200,3,2.75
695,1,12.5,3,0
695,2,50,3,2.75
696,1,300,3,0
696,2,400,3,0
697,1,100,3,12.75
697,2,300,2,0
698,1,12.5,3,0
698,2,12.5,3,0
699,1,300,3,0
699,2,12.5,3,0
700,1,300,3,0
700,2,500,3,7.75
701,1,300,1,2.75
701,2,400,1,0
702,1,100,2,0
702,2,100,2,0
703,1,50,3,0
703,2,100,1,0
704,1,300,4,7.75
704,2,100,4,0
705,1,300,1,0
705,2,300,2,7.75
706,1,300,3,0
706,2,300,3,12.75
707,1,0,4,0
707,2,50,4,0
708,1,300,4,2.75
708,2,300,4,7.75
709,1,400,3,0
709,2,100,3,0
710,1,400,1,7.75
710,2,0,1,2.75
711,1,50,3,0
711,2,300,3,0
712,1,500,3,0
712,2,500,3,7.75
713,1,50,3,2.75
713,2,100,3,7.75
714,1,300,4,0
714,2,200,4,0
715,1,200,3,0
715,2,400,4,7.75
716,1,0,3,0
716,2,0,3,0
717,1,500,3,2.75
717,2,500,3,7.75
718,1,300,3,0
718,2,400,3,0
719,1,200,3,0
719,2,400,3,0
720,1,200,2,0
720,2,300,3,0
721,1,500,3,0
721,2,500,3,2.75
722,1,200,3,7.75
722,2,100,3,2.75
723,1,200,3,7.75
723,2,300,4,10.5
724,1,200,4,7.75
724,2,300,4,7.75
725,1,200,2,0
725,2,300,3,0
726,1,500,4,12.75
726,2,500,3,0
727,1,700,3,0
727,2,1000,3,0
728,1,400,3,7.75
728,2,400,3,2.75
729,1,300,2,0
729,2,300,3,7.75
730,1,500,3,0
730,2,500,2,0
731,1,400,1,15.5
731,2,200,0,0
732,1,500,3,0
732,2,500,2,7.75
733,1,100,3,0
733,2,12.5,1,0
734,1,500,2,0
734,2,500,2,0
735,1,200,2,2.75
735,2,300,3,0
736,1,300,3,0
736,2,300,3,7.75
737,1,100,3,0
737,2,300,3,7.75
738,1,200,0,7.75
738,2,400,1,15.5
739,1,300,1,7.75
739,2,300,1,7.75
740,1,200,2,12.75
740,2,200,2,0
741,1,100,2,0
741,2,100,2,0
742,1,1000,4,2.75
742,2,1000,4,2.75
743,1,1000,2,0
743,2,1500,3,0
744,1,300,3,7.75
744,2,400,3,0
745,1,200,2,7.75
745,2,400,0,10.5
746,1,400,4,2.75
746,2,700,4,2.75
747,1,12.5,3,0
747,2,50,4,0
748,1,300,3,0
748,2,400,3,0
749,1,500,1,0
749,2,700,1,0
750,1,200,0,12.75
750,2,400,2,12.75
751,1,100,2,2.75
751,2,200,2,7.75
752,1,700,3,0
752,2,700,3,2.75
753,1,400,4,15.5
753,2,500,4,2.75
754,1,500,3,0
754,2,400,3,7.75
755,1,400,1,0
755,2,500,1,0
756,1,300,3,0
756,2,400,2,2.75
757,1,0,1,0
757,2,300,1,7.75
758,1,700,3,2.75
758,2,1000,3,2.75
759,1,400,3,7.75
759,2,400,2,0
760,1,500,3,0
760,2,700,3,0
761,1,500,0,0
761,2,400,4,0
762,1,300,4,0
762,2,400,3,0
763,1,500,4,2.75
763,2,500,4,0
764,1,400,3,12.75
764,2,500,4,10.5
765,1,500,1,2.75
765,2,200,3,2.75
766,1,500,4,15.5
766,2,500,2,12.75
767,1,500,3,0
767,2,1000,3,2.75
768,1,500,2,12.75
768,2,700,3,0
769,1,700,3,0
769,2,1000,3,0
770,1,700,2,0
770,2,700,3,0
771,1,2000,2,0
771,2,0,4,0
772,1,700,3,0
772,2,0,4,0
773,1,500,3,7.75
773,2,500,3,7.75
774,1,100,3,0
774,2,300,3,7.75
775,1,100,4,0
775,2,100,4,0
776,1,200,4,2.75
776,2,0,3,0
777,1,0,3,12.75
777,2,0,4,0
778,1,100,2,0
778,2,200,3,0
779,1,200,2,12.75
779,2,300,2,7.75
780,1,300,3,7.75
780,2,500,4,15.5
781,1,100,3,0
781,2,300,3,2.75
782,1,200,3,5.5
782,2,200,4,0
783,1,200,2,10.5
783,2,200,1,10.5
784,1,12.5,2,20.5
784,2,50,2,15.5
785,1,200,3,0
785,2,200,3,0
786,1,300,3,12.75
786,2,200,3,12.75
787,1,100,0,2.75
787,2,50,0,7.75
788,1,200,2,0
788,2,0,0,0
789,1,300,3,0
789,2,300,3,7.75
790,1,0,3,0
790,2,50,3,0
791,1,700,3,0
791,2,700,4,0
792,1,400,3,2.75
792,2,500,3,2.75
793,1,50,3,0
793,2,0,3,0
794,1,0,0,0
794,2,0,2,0
795,1,12.5,3,0
795,2,300,2,0
796,1,100,4,2.75
796,2,50,4,0
797,1,200,0,2.75
797,2,500,0,0
798,1,400,4,10.5
798,2,500,4,0
799,1,12.5,2,0
799,2,50,3,2.75
800,1,500,3,12.75
800,2,700,3,0
801,1,12.5,1,2.75
801,2,12.5,1,2.75
802,1,300,3,0
802,2,300,3,0
803,1,50,3,0
803,2,100,3,0
804,1,300,2,0
804,2,50,3,0
805,1,50,2,2.75
805,2,400,3,7.75
806,1,300,3,7.75
806,2,400,2,7.75
807,1,200,3,7.75
807,2,200,3,0
808,1,100,2,0
808,2,200,3,2.75
809,1,400,2,0
809,2,400,2,0
810,1,50,3,0
810,2,300,2,0
811,1,300,3,12.75
811,2,200,4,7.75
812,1,200,4,7.75
812,2,0,3,0
813,1,200,2,0
813,2,200,3,0
814,1,200,2,2.75
814,2,100,1,2.75
815,1,0,3,0
815,2,0,3,0
816,1,200,3,12.75
816,2,200,3,0
817,1,0,4,2.75
817,2,12.5,4,2.75
818,1,0,3,0
818,2,0,3,0
819,1,400,3,7.75
819,2,400,3,0
820,1,12.5,2,7.75
820,2,400,3,2.75
821,1,200,2,0
821,2,200,2,0
822,1,300,2,0
822,2,300,2,0
823,1,300,3,5.5
823,2,300,3,2.75
824,1,0,3,0
824,2,100,3,0
825,1,700,4,0
825,2,700,4,0
826,1,500,1,7.75
826,2,500,2,7.75
827,1,400,0,0
827,2,300,3,0
828,1,0,3,2.75
828,2,0,3,0
829,1,400,1,0
829,2,500,2,0
830,1,400,4,12.75
830,2,700,4,12.75
831,1,300,3,2.75
831,2,300,3,0
832,1,300,4,2.75
832,2,100,4,0
833,1,200,3,0
833,2,400,3,0
834,1,400,2,7.75
834,2,400,2,7.75
835,1,500,3,0
835,2,500,3,12.75
836,1,12.5,2,0
836,2,400,2,12.75
837,1,100,3,12.75
837,2,0,3,0
838,1,400,1,15.5
838,2,300,3,2.75
839,1,300,1,15.5
839,2,200,2,10.5
840,1,400,3,2.75
840,2,400,3,0
841,1,0,3,0
841,2,0,4,0
842,1,0,2,0
842,2,12.5,2,0
843,1,100,3,0
843,2,0,3,0
844,1,400,3,0
844,2,500,3,0
845,1,500,3,0
845,2,700,2,7.75
846,1,400,1,0
846,2,400,3,0
847,1,400,3,15.5
847,2,700,4,7.75
848,1,300,1,7.75
848,2,200,2,7.75
849,1,200,1,0
849,2,300,1,0
850,1,500,3,10.5
850,2,500,3,15.5
851,1,0,1,2.75
851,2,0,1,2.75
852,1,300,2,0
852,2,400,2,0
853,1,200,4,12.75
853,2,400,3,12.75
854,1,100,3,0
854,2,200,4,12.75
855,1,100,4,0
855,2,300,4,0
856,1,0,4,0
856,2,200,3,0
857,1,700,3,12.75
857,2,700,1,0
858,1,500,2,2.75
858,2,500,2,2.75
859,1,300,1,0
859,2,100,1,0
860,1,0,3,7.75
860,2,0,3,0
861,1,400,3,0
861,2,400,2,0
862,1,400,3,7.75
862,2,400,3,20.5
863,1,700,3,0
863,2,700,3,0
864,1,0,3,0
864,2,100,3,0
865,1,50,3,0
865,2,100,3,7.75
866,1,400,2,7.75
866,2,200,3,7.75
867,1,200,3,0
867,2,0,4,0
868,1,0,3,12.75
868,2,100,1,12.75
869,1,300,2,2.75
869,2,300,2,0
870,1,500,1,2.75
870,2,500,2,5.5
871,1,500,3,7.75
871,2,500,3,0
872,1,300,3,0
872,2,300,2,12.75
873,1,400,3,0
873,2,500,3,12.75
874,1,100,3,0
874,2,200,3,0
875,1,300,4,0
875,2,300,3,0
876,1,200,2,7.75
876,2,1000,2,2.75
877,1,400,1,15.5
877,2,300,2,10.5
878,1,12.5,3,0
878,2,12.5,3,0
879,1,400,2,0
879,2,500,3,7.75
880,1,100,4,0
880,2,100,4,0
881,1,0,4,0
881,2,100,4,0
882,1,100,2,7.75
882,2,400,2,7.75
883,1,400,3,0
883,2,400,3,0
884,1,0,2,7.75
884,2,12.5,2,7.75
885,1,200,3,0
885,2,300,2,0
886,1,0,3,7.75
886,2,0,1,15.5
887,1,300,3,0
887,2,400,1,7.75
888,1,0,3,0
888,2,12.5,3,7.75
889,1,300,2,0
889,2,500,3,0
890,1,12.5,3,0
890,2,200,3,0
891,1,100,2,7.75
891,2,200,2,10.5
892,1,500,3,2.75
892,2,500,3,5.5
893,1,100,1,7.75
893,2,50,1,20.5
894,1,400,2,12.75
894,2,400,3,0
895,1,700,3,7.75
895,2,700,3,7.75
896,1,400,3,0
896,2,400,3,0
897,1,200,3,0
897,2,0,3,0
898,1,400,1,12.75
898,2,400,1,0
899,1,200,3,0
899,2,200,3,0
900,1,0,2,2.75
900,2,0,2,12.75
901,1,50,3,0
901,2,100,4,2.75
902,1,200,3,7.75
902,2,0,3,10.5
903,1,200,3,0
903,2,300,3,0
904,1,400,3,0
904,2,400,3,0
905,1,700,3,7.75
905,2,700,3,7.75
906,1,300,2,0
906,2,300,3,7.75
907,1,100,0,0
907,2,100,1,0
908,1,500,1,0
908,2,500,1,7.75
909,1,0,0,2.75
909,2,50,0,0
910,1,0,4,2.75
910,2,0,4,0
911,1,300,2,7.75
911,2,200,2,0
912,1,300,2,7.75
912,2,200,2,7.75
913,1,200,3,20.5
913,2,200,3,20.5
914,1,100,3,0
914,2,50,3,0
915,1,200,1,15.5
915,2,200,1,2.75
916,1,400,3,7.75
916,2,200,2,7.75
917,1,300,2,0
917,2,400,2,12.75
918,1,300,3,2.75
918,2,300,2,0
919,1,200,3,0
919,2,200,3,0
920,1,400,3,12.75
920,2,500,4,0
921,1,500,3,10.5
921,2,500,3,7.75
922,1,100,2,2.75
922,2,50,3,0
923,1,100,3,7.75
923,2,0,4,0
924,1,200,2,7.75
924,2,200,2,7.75
925,1,300,2,7.75
925,2,400,2,7.75
926,1,300,3,0
926,2,300,3,2.75
927,1,0,1,0
927,2,12.5,0,0
928,1,200,1,2.75
928,2,100,1,7.75
929,1,50,3,0
929,2,50,3,2.75
930,1,1000,3,0
930,2,700,3,0
931,1,50,2,0
931,2,50,3,0
932,1,0,3,0
932,2,200,3,0
933,1,100,4,2.75
933,2,12.5,4,0
934,1,12.5,0,0
934,2,12.5,0,0
935,1,200,3,7.75
935,2,400,4,0
936,1,300,3,0
936,2,100,3,7.75
937,1,100,1,0
937,2,100,2,0
938,1,500,4,2.75
938,2,500,4,15.5
939,1,0,3,0
939,2,100,3,0
940,1,200,3,0
940,2,300,4,12.75
941,1,700,3,0
941,2,700,4,0
942,1,200,1,0
942,2,200,2,0
943,1,300,3,7.75
943,2,400,3,0
944,1,700,2,15.5
944,2,700,3,7.75
945,1,500,3,12.75
945,2,1000,3,12.75
946,1,100,0,0
946,2,100,0,0
947,1,100,0,0
947,2,100,3,0
948,1,50,3,0
948,2,200,1,0
949,1,300,4,2.75
949,2,400,3,2.75
950,1,500,3,7.75
950,2,500,3,20.5
951,1,700,3,15.5
951,2,500,3,7.75
952,1,500,2,7.75
952,2,500,2,0
953,1,700,2,0
953,2,700,2,0
954,1,500,4,2.75
954,2,500,4,10.5
955,1,500,3,7.75
955,2,500,4,0
956,1,50,3,0
956,2,50,3,0
957,1,300,2,7.75
957,2,200,3,0
958,1,300,3,5.5
958,2,300,2,12.75
959,1,200,3,0
959,2,400,2,0
960,1,0,2,0
960,2,50,2,2.75
961,1,700,0,2.75
961,2,200,0,2.75
962,1,700,3,0
962,2,700,3,0
963,1,400,3,0
963,2,700,2,2.75
964,1,200,2,7.75
964,2,300,1,0
965,1,400,4,7.75
965,2,500,4,10.5
966,1,400,2,7.75
966,2,500,3,12.75
967,1,100,2,0
967,2,100,3,0
968,1,300,1,0
968,2,500,1,0
969,1,700,2,7.75
969,2,700,1,12.75
970,1,50,3,0
970,2,100,4,0
971,1,300,3,0
971,2,500,4,7.75
972,1,400,4,7.75
972,2,400,3,0
973,1,300,2,0
973,2,200,3,0
974,1,300,2,7.75
974,2,300,2,7.75
975,1,12.5,3,0
975,2,300,3,7.75
976,1,50,2,0
976,2,50,2,7.75
977,1,300,2,10.5
977,2,300,2,10.5
978,1,0,1,7.75
978,2,100,1,7.75
979,1,100,1,7.75
979,2,200,2,15.5
980,1,12.5,3,0
980,2,50,3,0
981,1,100,4,2.75
981,2,100,4,5.5
982,1,300,3,0
982,2,400,3,0
983,1,700,1,2.75
983,2,700,1,10.5
984,1,400,3,20.5
984,2,500,3,12.75
985,1,700,3,0
985,2,500,3,0
986,1,50,3,0
986,2,50,3,0
987,1,400,4,7.75
987,2,400,3,2.75
988,1,100,3,2.75
988,2,100,4,0
989,1,300,3,0
989,2,300,2,7.75
990,1,300,3,10.5
990,2,400,2,7.75
991,1,400,4,12.75
991,2,400,4,20.5
992,1,200,3,0
992,2,200,3,0
993,1,0,4,0
993,2,0,4,0
994,1,300,1,0
994,2,50,3,0
995,1,300,2,7.75
995,2,50,2,7.75
996,1,200,1,12.75
996,2,200,1,12.75
997,1,200,3,12.75
997,2,400,3,0
998,1,12.5,3,2.75
998,2,100,3,0
999,1,100,3,2.75
999,2,200,4,0
1000,1,500,3,7.75
1000,2,500,3,5.5
1001,1,500,3,7.75
1001,2,500,3,2.75
1002,1,500,3,12.75
1002,2,700,1,12.75
1003,1,300,3,0
1003,2,300,4,0
1004,1,0,2,0
1004,2,0,2,0
1005,1,400,3,7.75
1005,2,400,3,0
1006,1,400,1,7.75
1006,2,200,2,7.75
1007,1,12.5,3,2.75
1007,2,100,3,0
1008,1,0,3,0
1008,2,12.5,4,0
1009,1,100,0,0
1009,2,100,0,0
1010,1,300,2,7.75
1010,2,300,1,7.75
1011,1,500,3,10.5
1011,2,500,3,7.75
1012,1,200,2,0
1012,2,200,3,7.75
1013,1,100,3,0
1013,2,200,3,0
1014,1,0,2,0
1014,2,0,3,0
1015,1,12.5,3,0
1015,2,12.5,3,0
1016,1,0,3,0
1016,2,0,3,0
1017,1,400,4,7.75
1017,2,300,4,2.75
1018,1,100,3,0
1018,2,50,3,0
1019,1,500,2,0
1019,2,400,3,2.75
1020,1,0,0,0
1020,2,0,3,0
1021,1,500,3,7.75
1021,2,700,2,0
1022,1,200,2,2.75
1022,2,200,1,2.75
1023,1,500,3,7.75
1023,2,500,3,0
1024,1,700,3,0
1024,2,700,3,2.75
1025,1,100,1,7.75
1025,2,100,2,0
1026,1,50,3,10.5
1026,2,50,3,7.75
1027,1,300,2,20.5
1027,2,200,1,7.75
1028,1,300,2,0
1028,2,50,2,0
1029,1,200,3,0
1029,2,200,3,0
1030,1,0,2,2.75
1030,2,12.5,3,2.75
1031,1,700,3,12.75
1031,2,400,3,20.5
1032,1,0,2,7.75
1032,2,0,2,0
1033,1,100,4,2.75
1033,2,100,3,0
1034,1,0,3,0
1034,2,0,2,0
1035,1,300,3,0
1035,2,300,2,7.75
1036,1,300,3,2.75
1036,2,400,3,0
1037,1,100,3,0
1037,2,200,3,7.75
1038,1,700,3,20.5
1038,2,1000,2,12.75
1039,1,200,3,5.5
1039,2,300,3,12.75
1040,1,500,2,2.75
1040,2,400,2,0
1041,1,700,1,0
1041,2,700,2,0
1042,1,200,0,2.75
1042,2,100,0,5.5
1043,1,300,3,0
1043,2,400,3,7.75
1044,1,300,2,0
1044,2,400,2,0
1045,1,300,2,15.5
1045,2,400,3,20.5
1046,1,100,1,0
1046,2,100,1,0
1047,1,500,3,0
1047,2,500,3,0
1048,1,50,3,2.75
1048,2,200,2,7.75
1049,1,400,1,15.5
1049,2,400,2,15.5
1050,1,300,3,0
1050,2,400,3,0
1051,1,12.5,2,0
1051,2,50,3,0
1052,1,300,4,0
1052,2,300,2,0
1053,1,700,3,7.75
1053,2,700,4,7.75
1054,1,200,1,7.75
1054,2,300,2,2.75
1055,1,300,1,0
1055,2,200,2,0
1056,1,400,3,0
1056,2,500,2,0
1057,1,500,3,7.75
1057,2,400,2,2.75
1058,1,500,3,15.5
1058,2,500,3,15.5
1059,1,300,3,7.75
1059,2,400,2,2.75
1060,1,700,3,10.5
1060,2,700,3,2.75
1061,1,0,3,0
1061,2,12.5,3,0
1062,1,500,4,2.75
1062,2,500,4,10.5
1063,1,200,2,7.75
1063,2,300,3,7.75
1064,1,400,2,2.75
1064,2,500,3,10.5
1065,1,0,2,0
1065,2,0,2,0
1066,1,300,2,12.75
1066,2,200,4,12.75
1067,1,200,3,7.75
1067,2,300,4,7.75
1068,1,400,3,0
1068,2,400,4,7.75
1069,1,200,3,0
1069,2,300,3,0
1070,1,500,3,0
1070,2,500,3,0
1071,1,300,3,7.75
1071,2,300,2,5.5
1072,1,200,2,0
1072,2,200,4,0
1073,1,0,2,0
1073,2,0,2,0
1074,1,100,3,0
1074,2,100,1,0
1075,1,100,0,0
1075,2,200,2,0
1076,1,100,3,0
1076,2,100,2,7.75
1077,1,0,1,0
1077,2,50,3,0
1078,1,300,1,7.75
1078,2,500,2,10.5
1079,1,12.5,4,0
1079,2,100,3,0
1080,1,300,3,5.5
1080,2,400,2,12.75
1081,1,700,3,7.75
1081,2,700,3,0
1082,1,300,2,12.75
1082,2,300,2,15.5
1083,1,400,4,7.75
1083,2,500,2,7.75
1084,1,200,4,0
1084,2,300,3,0
1085,1,0,2,0
1085,2,0,4,0
1086,1,700,3,0
1086,2,400,1,0
1087,1,500,3,0
1087,2,500,4,12.75
1088,1,200,1,0
1088,2,200,3,0
1089,1,100,4,7.75
1089,2,300,4,0
1090,1,100,2,10.5
1090,2,50,2,10.5
1091,1,50,4,0
1091,2,100,4,2.75
1092,1,500,2,7.75
1092,2,700,3,7.75
1093,1,300,1,7.75
1093,2,400,2,7.75
1094,1,100,3,5.5
1094,2,200,4,10.5
1095,1,500,3,7.75
1095,2,500,3,7.75
1096,1,200,1,7.75
1096,2,200,2,10.5
1097,1,0,4,0
1097,2,0,4,0
1098,1,300,0,7.75
1098,2,300,3,10.5
1099,1,400,3,12.75
1099,2,500,4,0
1100,1,200,2,0
1100,2,100,2,2.75
1101,1,300,3,2.75
1101,2,200,3,0
1102,1,300,4,7.75
1102,2,400,4,7.75
1103,1,300,2,7.75
1103,2,400,3,2.75
1104,1,0,3,0
1104,2,12.5,3,0
1105,1,300,3,12.75
1105,2,300,3,0
1106,1,700,4,0
1106,2,700,4,7.75
1107,1,100,3,0
1107,2,0,3,0
1108,1,300,0,0
1108,2,300,1,0
1109,1,300,1,7.75
1109,2,300,2,15.5
1110,1,12.5,2,0
1110,2,100,4,0
1111,1,0,3,0
1111,2,12.5,3,2.75
1112,1,200,3,0
1112,2,300,1,12.75
1113,1,300,3,0
1113,2,300,2,7.75
1114,1,100,2,2.75
1114,2,100,4,2.75
1115,1,400,2,7.75
1115,2,500,3,0
1116,1,100,2,0
1116,2,100,1,7.75
1117,1,200,4,0
1117,2,200,2,0
1118,1,400,3,0
1118,2,500,2,2.75
1119,1,400,3,15.5
1119,2,500,2,10.5
1120,1,400,2,7.75
1120,2,400,2,15.5
1121,1,50,3,0
1121,2,100,4,0
1122,1,50,3,10.5
1122,2,50,3,7.75
1123,1,300,1,15.5
1123,2,200,1,7.75
1124,1,400,3,15.5
1124,2,400,2,7.75
1125,1,500,2,0
1125,2,400,4,0
1126,1,50,1,0
1126,2,50,1,0
1127,1,100,3,0
1127,2,500,3,0
1128,1,0,3,0
1128,2,0,3,2.75
1129,1,500,3,0
1129,2,700,3,2.75
1130,1,200,2,0
1130,2,200,3,7.75
1131,1,500,3,0
1131,2,500,4,0
1132,1,0,4,0
1132,2,0,4,0
1133,1,400,3,7.75
1133,2,300,3,2.75
1134,1,100,3,2.75
1134,2,100,1,7.75
1135,1,300,2,2.75
1135,2,400,2,2.75
1136,1,300,1,12.75
1136,2,300,2,0
1137,1,200,2,2.75
1137,2,300,3,5.5
1138,1,400,1,0
1138,2,400,3,0
1139,1,300,2,12.75
1139,2,200,2,2.75
1140,1,0,3,0
1140,2,0,4,0
1141,1,200,2,15.5
1141,2,200,3,7.75
1142,1,300,1,12.75
1142,2,300,1,7.75
1143,1,0,4,0
1143,2,100,3,7.75
1144,1,12.5,3,0
1144,2,0,3,0
1145,1,0,3,0
1145,2,0,3,0
1146,1,400,2,0
1146,2,500,2,12.75
1147,1,400,4,12.75
1147,2,400,4,0
1148,1,300,2,7.75
1148,2,400,2,7.75
1149,1,400,2,7.75
1149,2,500,1,7.75
1150,1,500,3,7.75
1150,2,700,3,7.75
1151,1,0,3,0
1151,2,0,4,0
1152,1,0,3,0
1152,2,12.5,4,0
1153,1,500,3,0
1153,2,500,3,0
1154,1,200,3,7.75
1154,2,500,3,7.75
1155,1,500,3,0
1155,2,500,3,2.75
1156,1,0,3,7.75
1156,2,0,3,0
1157,1,100,1,2.75
1157,2,300,1,0
1158,1,700,4,0
1158,2,700,4,0
1159,1,200,3,0
1159,2,200,3,0
1160,1,12.5,2,2.75
1160,2,0,1,10.5
1161,1,200,3,10.5
1161,2,200,3,2.75
1162,1,12.5,3,7.75
1162,2,300,4,7.75
1163,1,12.5,2,0
1163,2,100,3,0
1164,1,50,2,0
1164,2,100,2,0
1165,1,300,2,7.75
1165,2,300,3,0
1166,1,100,3,2.75
1166,2,400,3,7.75
1167,1,300,2,7.75
1167,2,300,1,15.5
1168,1,200,1,20.5
1168,2,300,1,20.5
1169,1,400,3,7.75
1169,2,500,4,2.75
1170,1,200,3,0
1170,2,300,3,0
1171,1,50,3,0
1171,2,50,3,0
1172,1,12.5,4,0
1172,2,300,4,0
1173,1,500,3,12.75
1173,2,500,3,0
1174,1,200,2,7.75
1174,2,200,2,0
1175,1,12.5,3,0
1175,2,0,3,7.75
1176,1,100,3,0
1176,2,100,3,0
1177,1,400,3,7.75
1177,2,400,3,7.75
1178,1,500,4,2.75
1178,2,700,3,0
1179,1,700,3,12.75
1179,2,700,3,12.75
1180,1,400,3,0
1180,2,400,3,2.75
1181,1,200,1,5.5
1181,2,300,1,2.75
1182,1,12.5,4,0
1182,2,12.5,3,2.75
1183,1,300,3,25.5
1183,2,300,3,2.75
1184,1,300,4,12.75
1184,2,300,3,12.75
1185,1,0,1,7.75
1185,2,100,1,7.75
1186,1,50,4,2.75
1186,2,50,4,0
1187,1,200,3,12.75
1187,2,200,4,2.75
1188,1,300,2,0
1188,2,300,2,0
1189,1,700,3,7.75
1189,2,700,3,7.75
1190,1,300,3,0
1190,2,400,3,0
1191,1,200,2,0
1191,2,200,2,2.75
1192,1,400,2,0
1192,2,300,3,0
1193,1,400,4,12.75
1193,2,500,3,10.5
1194,1,400,2,12.75
1194,2,200,1,7.75
1195,1,400,2,15.5
1195,2,300,2,10.5
1196,1,200,3,10.5
1196,2,200,3,12.75
1197,1,0,2,7.75
1197,2,0,2,7.75
1198,1,400,2,12.75
1198,2,200,2,15.5
1199,1,400,2,7.75
1199,2,400,2,7.75
1200,1,0,4,7.75
1200,2,12.5,3,2.75
1201,1,300,3,2.75
1201,2,300,3,0
1202,1,200,4,2.75
1202,2,50,3,0
1203,1,0,3,2.75
1203,2,0,3,2.75
1204,1,300,3,7.75
1204,2,200,4,0
1205,1,50,3,0
1205,2,200,3,12.75
1206,1,200,4,2.75
1206,2,200,3,7.75
1207,1,300,2,7.75
1207,2,300,3,0
1208,1,300,3,7.75
1208,2,400,3,0
1209,1,50,3,2.75
1209,2,200,3,2.75
1210,1,12.5,3,0
1210,2,0,3,0
1211,1,300,3,0
1211,2,300,1,0
1212,1,300,4,7.75
1212,2,12.5,3,0
1213,1,300,3,12.75
1213,2,300,2,12.75
1214,1,400,3,5.5
1214,2,300,3,2.75
1215,1,200,3,2.75
1215,2,200,3,7.75
1216,1,100,3,0
1216,2,100,2,12.75
1217,1,300,1,12.75
1217,2,200,1,0
1218,1,100,2,0
1218,2,50,3,0
1219,1,200,3,2.75
1219,2,200,3,7.75
1220,1,0,4,2.75
1220,2,50,4,7.75
1221,1,300,3,0
1221,2,400,3,0
1222,1,12.5,3,2.75
1222,2,12.5,4,0
1223,1,0,3,0
1223,2,50,2,7.75
1224,1,200,3,0
1224,2,200,1,0
1225,1,50,3,2.75
1225,2,400,0,0
1226,1,12.5,3,7.75
1226,2,200,2,12.75
1227,1,300,2,0
1227,2,300,2,7.75
1228,1,200,4,0
1228,2,300,3,0
1229,1,300,3,0
1229,2,400,3,7.75
1230,1,700,2,2.75
1230,2,700,3,2.75
1231,1,200,2,0
1231,2,200,3,0
1232,1,400,2,20.5
1232,2,500,3,7.75
1233,1,0,3,0
1233,2,300,4,0
1234,1,200,1,7.75
1234,2,200,1,0
1235,1,200,3,15.5
1235,2,300,3,7.75
1236,1,300,4,12.75
1236,2,500,4,12.75
1237,1,400,3,0
1237,2,300,2,2.75
1238,1,400,3,7.75
1238,2,400,3,7.75
1239,1,200,2,7.75
1239,2,200,1,10.5
1240,1,700,3,15.5
1240,2,1000,2,5.5
1241,1,200,3,0
1241,2,300,3,0
1242,1,1500,2,25.5
1242,2,1500,2,25.5
1243,1,100,2,2.75
1243,2,200,1,7.75
1244,1,500,2,20.5
1244,2,500,2,7.75
1245,1,500,3,0
1245,2,300,3,2.75
1246,1,50,3,0
1246,2,50,3,0
1247,1,300,1,0
1247,2,400,3,2.75
1248,1,300,2,0
1248,2,400,3,0
1249,1,500,3,2.75
1249,2,500,4,0
1250,1,700,3,0
1250,2,700,3,2.75
1251,1,300,4,10.5
1251,2,200,3,2.75
1252,1,500,2,5.5
1252,2,700,2,2.75
1253,1,0,2,7.75
1253,2,0,3,7.75
1254,1,50,4,10.5
1254,2,100,4,2.75
1255,1,0,3,0
1255,2,0,2,0
1256,1,100,3,0
1256,2,50,3,0
1257,1,0,4,0
1257,2,0,4,0
1258,1,400,3,0
1258,2,500,2,2.75
1259,1,100,3,0
1259,2,100,3,0
1260,1,400,3,0
1260,2,300,3,0
1261,1,700,2,7.75
1261,2,700,3,12.75
1262,1,200,3,7.75
1262,2,400,3,0
1263,1,50,4,2.75
1263,2,100,2,0
1264,1,100,2,2.75
1264,2,100,1,7.75
1265,1,300,3,0
1265,2,300,4,2.75
1266,1,500,4,12.75
1266,2,700,4,0
1267,1,200,1,20.5
1267,2,200,2,2.75
1268,1,500,2,7.75
1268,2,500,3,2.75
1269,1,400,3,15.5
1269,2,500,3,0
1270,1,300,3,2.75
1270,2,300,3,7.75
1271,1,500,4,2.75
1271,2,500,4,0
1272,1,300,2,0
1272,2,400,2,0
1273,1,0,2,0
1273,2,100,2,2.75
1274,1,100,2,2.75
1274,2,100,0,0
1275,1,300,3,0
1275,2,400,3,2.75
1276,1,0,2,7.75
1276,2,0,3,7.75
1277,1,400,2,15.5
1277,2,200,2,7.75
1278,1,300,0,0
1278,2,200,1,0
1279,1,100,3,2.75
1279,2,100,3,2.75
1280,1,400,3,0
1280,2,500,4,7.75
1281,1,200,4,2.75
1281,2,0,3,0
1282,1,400,2,5.5
1282,2,400,1,5.5
1283,1,0,4,0
1283,2,0,4,7.75
1284,1,50,3,0
1284,2,0,3,0
1285,1,200,3,10.5
1285,2,200,2,5.5
1286,1,500,1,0
1286,2,700,2,0
1287,1,50,0,0
1287,2,100,2,0
1288,1,500,4,7.75
1288,2,200,4,0
1289,1,300,4,7.75
1289,2,300,3,15.5
1290,1,12.5,2,2.75
1290,2,100,3,2.75
1291,1,50,2,12.75
1291,2,50,2,0
1292,1,100,3,7.75
1292,2,100,3,7.75
1293,1,200,3,2.75
1293,2,200,3,0
1294,1,0,4,0
1294,2,0,3,0
1295,1,200,4,2.75
1295,2,100,4,0
1296,1,12.5,3,0
1296,2,50,3,0
1297,1,200,3,0
1297,2,200,3,2.75
1298,1,300,3,12.75
1298,2,300,3,7.75
1299,1,50,2,7.75
1299,2,50,3,0
1300,1,400,2,12.75
1300,2,400,3,0
1301,1,700,4,7.75
1301,2,1000,4,20.5
1302,1,500,4,2.75
1302,2,500,4,10.5
1303,1,0,2,0
1303,2,12.5,2,0
1304,1,700,3,15.5
1304,2,400,3,7.75
1305,1,500,3,0
1305,2,500,2,0
1306,1,50,2,15.5
1306,2,0,2,7.75
1307,1,300,2,20.5
1307,2,700,3,15.5
1308,1,100,1,7.75
1308,2,200,1,2.75
1309,1,300,3,0
1309,2,300,4,0
1310,1,200,0,7.75
1310,2,200,0,7.75
1311,1,100,4,0
1311,2,200,3,0
1312,1,0,4,0
1312,2,0,3,0
1313,1,100,3,2.75
1313,2,200,3,0
1314,1,0,2,0
1314,2,100,1,0
1315,1,400,1,0
1315,2,0,1,0
1316,1,500,3,7.75
1316,2,500,3,0
1317,1,400,2,0
1317,2,300,2,0
1318,1,50,1,0
1318,2,50,1,7.75
1319,1,50,3,0
1319,2,0,3,0
1320,1,50,3,2.75
1320,2,300,3,7.75
1321,1,200,3,0
1321,2,0,3,0
1322,1,500,3,2.75
1322,2,400,4,2.75
1323,1,500,3,2.75
1323,2,400,3,2.75
1324,1,50,3,0
1324,2,50,3,0
1325,1,50,1,7.75
1325,2,12.5,3,7.75
1326,1,50,3,0
1326,2,100,2,2.75
1327,1,300,3,0
1327,2,400,2,7.75
1328,1,300,2,20.5
1328,2,300,3,10.5
1329,1,100,2,0
1329,2,100,4,0
1330,1,50,2,0
1330,2,200,2,10.5
1331,1,0,3,7.75
1331,2,50,3,0
1332,1,100,3,0
1332,2,200,3,0
1333,1,100,4,7.75
1333,2,200,3,2.75
1334,1,700,4,7.75
1334,2,700,4,0
1335,1,100,2,0
1335,2,100,3,0
1336,1,200,3,0
1336,2,200,3,2.75
1337,1,0,2,7.75
1337,2,0,2,7.75
1338,1,100,2,0
1338,2,100,3,0
1339,1,300,3,0
1339,2,300,4,0
1340,1,500,2,20.5
1340,2,500,3,7.75
1341,1,0,3,0
1341,2,0,3,0
1342,1,50,2,0
1342,2,300,2,0
1343,1,12.5,2,12.75
1343,2,0,2,12.75
1344,1,400,2,0
1344,2,400,4,0
1345,1,200,3,0
1345,2,300,3,0
1346,1,100,3,2.75
1346,2,100,3,2.75
1347,1,300,3,7.75
1347,2,300,3,0
1348,1,0,3,0
1348,2,0,3,2.75
1349,1,500,3,15.5
1349,2,700,3,5.5
1350,1,200,2,7.75
1350,2,200,2,0
1351,1,500,3,7.75
1351,2,500,3,0
1352,1,50,4,0
1352,2,50,4,0
1353,1,300,3,7.75
1353,2,300,3,0
1354,1,500,3,0
1354,2,500,3,0
1355,1,300,2,7.75
1355,2,400,3,0
1356,1,12.5,3,0
1356,2,300,3,7.75
1357,1,50,3,0
1357,2,200,2,0
1358,1,200,3,0
1358,2,200,3,0
1359,1,100,3,7.75
1359,2,300,2,7.75
1360,1,200,0,0
1360,2,200,1,2.75
1361,1,12.5,3,0
1361,2,300,3,0
1362,1,300,3,0
1362,2,400,3,0
1363,1,50,2,2.75
1363,2,100,4,2.75
1364,1,700,3,7.75
1364,2,700,2,0
1365,1,300,1,12.75
1365,2,300,1,10.5
1366,1,300,2,0
1366,2,300,3,0
1367,1,200,3,0
1367,2,200,3,2.75
1368,1,200,3,7.75
1368,2,300,4,7.75
1369,1,200,1,0
1369,2,200,2,2.75
1370,1,200,2,10.5
1370,2,200,3,5.5
1371,1,700,2,10.5
1371,2,500,2,5.5
1372,1,0,3,20.5
1372,2,0,3,0
1373,1,300,2,7.75
1373,2,300,2,15.5
1374,1,12.5,3,0
1374,2,200,3,0
1375,1,100,3,0
1375,2,100,3,2.75
1376,1,500,3,0
1376,2,100,3,0
1377,1,12.5,3,0
1377,2,12.5,3,0
1378,1,400,4,2.75
1378,2,300,4,2.75
1379,1,100,3,12.75
1379,2,300,2,10.5
1380,1,0,4,5.5
1380,2,0,4,15.5
1381,1,300,3,0
1381,2,300,4,0
1382,1,200,3,2.75
1382,2,200,2,10.5
1383,1,200,2,2.75
1383,2,200,3,0
1384,1,200,2,0
1384,2,200,2,2.75
1385,1,1000,3,0
1385,2,1500,4,0
1386,1,100,0,0
1386,2,200,0,2.75
1387,1,50,1,0
1387,2,100,2,0
1388,1,400,2,25.5
1388,2,400,1,12.75
1389,1,400,3,20.5
1389,2,400,4,0
1390,1,100,2,0
1390,2,100,2,0
1391,1,300,2,7.75
1391,2,300,2,7.75
1392,1,500,4,0
1392,2,500,4,7.75
1393,1,200,2,0
1393,2,200,2,0
1394,1,100,3,0
1394,2,100,1,0
1395,1,100,3,0
1395,2,100,3,0
1396,1,200,2,5.5
1396,2,200,2,7.75
1397,1,500,3,0
1397,2,500,3,0
1398,1,400,2,2.75
1398,2,400,1,0
1399,1,500,3,7.75
1399,2,500,4,10.5
1400,1,400,3,0
1400,2,300,3,0
1401,1,50,3,0
1401,2,100,3,2.75
1402,1,100,2,0
1402,2,200,1,0
1403,1,200,3,0
1403,2,200,2,0
1404,1,100,2,7.75
1404,2,100,0,12.75
1405,1,400,3,2.75
1405,2,300,2,10.5
1406,1,300,2,0
1406,2,400,3,0
1407,1,300,2,10.5
1407,2,300,2,10.5
1408,1,500,3,12.75
1408,2,500,3,0
1409,1,200,3,2.75
1409,2,200,2,0
1410,1,300,2,2.75
1410,2,300,2,2.75
1411,1,200,2,5.5
1411,2,200,2,2.75
1412,1,300,1,7.75
1412,2,300,1,7.75
1413,1,700,2,7.75
1413,2,700,2,0
1414,1,200,1,0
1414,2,200,3,0
1415,1,500,3,7.75
1415,2,400,4,7.75
1416,1,500,4,2.75
1416,2,400,3,2.75
1417,1,0,1,0
1417,2,50,3,0
1418,1,300,3,2.75
1418,2,300,3,2.75
1419,1,50,0,0
1419,2,200,0,0
1420,1,12.5,2,0
1420,2,50,2,0
1421,1,100,3,0
1421,2,200,4,2.75
1422,1,100,2,0
1422,2,100,2,7.75
1423,1,100,3,15.5
1423,2,100,3,7.75
1424,1,100,2,2.75
1424,2,100,3,7.75
1425,1,400,2,7.75
1425,2,500,2,0
1426,1,400,1,7.75
1426,2,400,3,7.75
1427,1,0,3,0
1427,2,12.5,3,2.75
1428,1,0,2,7.75
1428,2,0,2,0
1429,1,300,3,0
1429,2,0,4,0
1430,1,300,3,0
1430,2,400,3,0
1431,1,300,4,2.75
1431,2,300,4,0
1432,1,400,2,2.75
1432,2,500,2,2.75
1433,1,100,3,0
1433,2,300,3,0
1434,1,0,3,0
1434,2,0,3,0
1435,1,300,3,0
1435,2,300,3,2.75
1436,1,200,1,2.75
1436,2,100,3,0
1437,1,300,3,7.75
1437,2,400,3,7.75
1438,1,700,3,12.75
1438,2,700,3,7.75
1439,1,700,3,7.75
1439,2,1000,3,7.75
1440,1,0,3,0
1440,2,0,3,0
1441,1,400,1,0
1441,2,300,1,7.75
1442,1,300,3,15.5
1442,2,300,3,7.75
1443,1,300,1,15.5
1443,2,400,0,2.75
1444,1,100,2,2.75
1444,2,100,1,0
1445,1,0,3,0
1445,2,0,4,0
1446,1,400,3,0
1446,2,300,3,2.75
1447,1,300,3,0
1447,2,300,4,2.75
1448,1,100,3,0
1448,2,100,3,0
1449,1,400,4,2.75
1449,2,300,3,2.75
1450,1,0,3,0
1450,2,0,3,2.75
1451,1,50,3,0
1451,2,12.5,3,0
1452,1,300,3,0
1452,2,200,3,0
1453,1,400,1,12.75
1453,2,400,1,12.75
1454,1,200,3,2.75
1454,2,0,3,0
1455,1,200,3,0
1455,2,300,3,0
1456,1,200,2,0
1456,2,200,2,0
1457,1,100,2,0
1457,2,50,3,0
1458,1,300,3,0
1458,2,300,3,0
1459,1,0,2,0
1459,2,0,2,0
1460,1,100,3,0
1460,2,100,2,2.75
1461,1,100,2,12.75
1461,2,100,2,7.75
1462,1,200,3,0
1462,2,100,3,0
1463,1,12.5,3,0
1463,2,0,3,0
1464,1,300,4,2.75
1464,2,300,3,15.5
1465,1,400,2,7.75
1465,2,400,3,7.75
1466,1,300,4,0
1466,2,300,3,0
1467,1,100,0,7.75
1467,2,200,0,7.75
1468,1,300,2,2.75
1468,2,300,3,7.75
1469,1,200,3,0
1469,2,12.5,4,0
1470,1,100,3,0
1470,2,200,2,2.75
1471,1,100,2,2.75
1471,2,100,3,0
1472,1,0,3,0
1472,2,0,3,12.75
1473,1,500,2,7.75
1473,2,500,2,5.5
1474,1,300,2,0
1474,2,400,2,7.75
1475,1,100,2,7.75
1475,2,100,3,15.5
1476,1,200,3,0
1476,2,200,3,2.75
1477,1,200,2,7.75
1477,2,200,2,7.75
1478,1,400,1,7.75
1478,2,200,3,7.75
1479,1,300,2,2.75
1479,2,200,2,0
1480,1,100,2,0
1480,2,100,4,2.75
1481,1,400,1,0
1481,2,400,3,0
1482,1,200,2,2.75
1482,2,200,3,7.75
1483,1,12.5,3,7.75
1483,2,100,3,0
1484,1,200,2,2.75
1484,2,200,1,0
1485,1,700,3,0
1485,2,700,3,0
1486,1,400,2,12.75
1486,2,700,3,7.75
1487,1,300,1,0
1487,2,400,2,7.75
1488,1,400,3,2.75
1488,2,400,3,15.5
1489,1,200,4,0
1489,2,300,3,0
1490,1,100,0,0
1490,2,100,2,0
1491,1,400,2,2.75
1491,2,500,1,0
1492,1,50,3,0
1492,2,100,3,7.75
1493,1,0,3,0
1493,2,0,3,0
1494,1,300,0,7.75
1494,2,300,1,20.5
1495,1,1000,3,0
1495,2,1500,3,0
1496,1,700,4,2.75
1496,2,500,3,2.75
1497,1,1000,3,12.75
1497,2,700,3,7.75
1498,1,500,2,20.5
1498,2,500,2,7.75
1499,1,500,3,20.5
1499,2,1000,4,15.5
1500,1,300,2,2.75
1500,2,300,2,2.75
1501,1,500,2,0
1501,2,500,2,0
1502,1,400,4,7.75
1502,2,400,4,12.75
1503,1,200,2,0
1503,2,200,3,7.75
1504,1,200,3,2.75
1504,2,200,2,7.75
1505,1,100,2,0
1505,2,200,2,0
1506,1,100,3,0
1506,2,300,3,7.75
1507,1,200,3,12.75
1507,2,100,2,0
1508,1,200,3,0
1508,2,200,3,0
1509,1,12.5,0,15.5
1509,2,300,0,15.5
1510,1,12.5,2,0
1510,2,0,2,7.75
1511,1,12.5,3,0
1511,2,100,4,0
1512,1,12.5,3,0
1512,2,300,2,0
1513,1,400,3,0
1513,2,400,3,0
1514,1,12.5,2,0
1514,2,300,2,7.75
1515,1,200,3,0
1515,2,200,3,2.75
1516,1,1000,3,0
1516,2,1000,2,0
1517,1,500,2,7.75
1517,2,700,3,7.75
1518,1,300,3,0
1518,2,300,2,0
1519,1,0,3,2.75
1519,2,0,2,10.5
1520,1,100,3,0
1520,2,50,3,0
1521,1,100,3,0
1521,2,12.5,3,0
1522,1,300,3,0
1522,2,300,3,0
1523,1,12.5,2,12.75
1523,2,100,2,12.75
1524,1,100,3,0
1524,2,200,3,0
1525,1,300,3,0
1525,2,200,3,2.75
1526,1,100,3,0
1526,2,12.5,3,0
1527,1,12.5,3,0
1527,2,0,4,7.75
1528,1,100,3,10.5
1528,2,100,3,2.75
1529,1,200,2,0
1529,2,300,3,0
1530,1,0,3,0
1530,2,0,3,7.75
1531,1,100,2,0
1531,2,200,3,12.75
1532,1,50,1,0
1532,2,12.5,1,0
1533,1,400,2,10.5
1533,2,400,2,7.75
1534,1,200,3,0
1534,2,100,4,0
1535,1,0,2,0
1535,2,12.5,3,0
1536,1,0,3,7.75
1536,2,100,2,2.75
1537,1,50,3,0
1537,2,50,3,0
1538,1,50,2,12.75
1538,2,300,2,2.75
1539,1,12.5,1,0
1539,2,0,1,0
1540,1,50,3,7.75
1540,2,300,3,7.75
1541,1,50,2,7.75
1541,2,0,3,7.75
1542,1,100,4,0
1542,2,50,4,0
1543,1,300,1,7.75
1543,2,500,3,0
1544,1,700,4,0
1544,2,700,4,7.75
1545,1,0,3,0
1545,2,50,3,0
1546,1,100,1,0
1546,2,400,3,2.75
1547,1,0,3,0
1547,2,0,2,0
1548,1,50,4,0
1548,2,300,3,0
1549,1,500,4,15.5
1549,2,700,3,2.75
1550,1,400,3,0
1550,2,700,3,0
1551,1,100,4,0
1551,2,300,3,0
1552,1,12.5,3,0
1552,2,400,4,0
1553,1,0,3,0
1553,2,100,3,2.75
1554,1,100,3,2.75
1554,2,100,3,0
1555,1,300,3,0
1555,2,400,3,0
1556,1,200,3,0
1556,2,300,3,0
1557,1,0,3,0
1557,2,12.5,4,0
1558,1,400,2,0
1558,2,500,3,0
1559,1,200,1,2.75
1559,2,200,2,2.75
1560,1,300,3,0
1560,2,500,2,7.75
1561,1,700,3,0
1561,2,700,4,0
1562,1,50,3,0
1562,2,100,3,0
1563,1,300,3,0
1563,2,300,3,0
1564,1,0,3,0
1564,2,50,3,0
1565,1,200,1,7.75
1565,2,200,1,7.75
1566,1,400,2,2.75
1566,2,400,2,0
1567,1,200,3,7.75
1567,2,0,3,0
1568,1,400,3,0
1568,2,400,3,0
1569,1,50,3,0
1569,2,100,3,0
1570,1,50,3,0
1570,2,100,3,7.75
1571,1,400,4,7.75
1571,2,500,4,15.5
1572,1,500,2,7.75
1572,2,700,2,7.75
1573,1,500,2,0
1573,2,500,2,7.75
1574,1,50,0,2.75
1574,2,0,0,7.75
1575,1,700,3,0
1575,2,700,2,0
1576,1,12.5,1,0
1576,2,0,2,0
1577,1,500,4,0
1577,2,500,4,0
1578,1,1000,3,0
1578,2,1000,1,5.5
1579,1,400,2,0
1579,2,500,2,2.75
1580,1,400,1,7.75
1580,2,400,2,0
1581,1,0,4,0
1581,2,12.5,3,7.75
1582,1,400,2,7.75
1582,2,500,2,0
1583,1,300,3,7.75
1583,2,500,3,15.5
1584,1,500,3,0
1584,2,500,3,0
1585,1,500,4,0
1585,2,700,3,7.75
1586,1,200,3,2.75
1586,2,200,3,0
1587,1,50,2,0
1587,2,200,2,2.75
1588,1,300,3,2.75
1588,2,300,3,7.75
1589,1,50,4,0
1589,2,0,4,2.75
1590,1,0,4,0
1590,2,0,2,0
1591,1,300,2,2.75
1591,2,400,3,0
1592,1,300,4,0
1592,2,300,3,7.75
1593,1,200,3,0
1593,2,200,2,0
1594,1,0,2,2.75
1594,2,0,2,7.75
1595,1,400,3,0
1595,2,400,2,0
1596,1,500,2,20.5
1596,2,500,2,12.75
1597,1,12.5,2,0
1597,2,50,4,0
1598,1,100,1,7.75
1598,2,200,3,7.75
1599,1,100,3,12.75
1599,2,300,3,12.75
1600,1,300,1,0
1600,2,700,3,0
1601,1,200,3,2.75
1601,2,0,1,2.75
1602,1,700,3,7.75
1602,2,700,3,7.75
1603,1,700,3,7.75
1603,2,700,3,0
1604,1,100,2,0
1604,2,100,3,0
1605,1,400,0,7.75
1605,2,400,4,0
1606,1,12.5,2,2.75
1606,2,200,1,0
1607,1,12.5,3,0
1607,2,0,3,0
1608,1,300,3,0
1608,2,400,3,0
1609,1,300,3,0
1609,2,400,4,0
1610,1,700,3,7.75
1610,2,1000,3,0
1611,1,500,3,12.75
1611,2,400,3,7.75
1612,1,200,2,7.75
1612,2,400,1,7.75
1613,1,200,3,0
1613,2,500,4,15.5
1614,1,500,3,7.75
1614,2,500,3,7.75
1615,1,400,2,0
1615,2,400,2,7.75
1616,1,200,2,2.75
1616,2,300,2,2.75
1617,1,0,3,0
1617,2,12.5,3,0
1618,1,50,2,7.75
1618,2,100,2,7.75
1619,1,400,3,2.75
1619,2,500,3,2.75
1620,1,500,3,0
1620,2,500,4,7.75
1621,1,400,3,0
1621,2,500,4,0
1622,1,500,3,12.75
1622,2,500,3,12.75
1623,1,200,3,7.75
1623,2,300,3,0
1624,1,12.5,3,0
1624,2,50,3,0
1625,1,500,3,0
1625,2,500,3,2.75
1626,1,100,3,0
1626,2,0,4,0
1627,1,300,3,5.5
1627,2,700,0,2.75
1628,1,400,3,2.75
1628,2,500,3,0
1629,1,400,1,0
1629,2,400,1,0
1630,1,50,2,0
1630,2,200,3,7.75
1631,1,300,2,25.5
1631,2,300,2,12.75
1632,1,50,4,2.75
1632,2,300,3,0
1633,1,100,3,0
1633,2,500,3,12.75
1634,1,12.5,2,0
1634,2,0,2,0
1635,1,400,2,7.75
1635,2,400,2,12.75
1636,1,50,2,0
1636,2,100,4,0
1637,1,400,3,7.75
1637,2,500,4,0
1638,1,400,3,20.5
1638,2,500,4,7.75
1639,1,50,1,0
1639,2,50,1,0
1640,1,500,3,0
1640,2,500,3,0
1641,1,12.5,2,0
1641,2,100,2,2.75
1642,1,100,2,0
1642,2,100,2,0
1643,1,100,3,7.75
1643,2,200,4,0
1644,1,200,2,7.75
1644,2,200,3,7.75
1645,1,500,3,2.75
1645,2,400,4,0
1646,1,400,2,0
1646,2,300,3,2.75
1647,1,400,0,7.75
1647,2,400,1,0
1648,1,700,1,0
1648,2,700,3,0
1649,1,300,3,2.75
1649,2,300,1,7.75
1650,1,0,2,0
1650,2,100,2,2.75
1651,1,200,3,2.75
1651,2,200,3,0
1652,1,300,0,0
1652,2,300,1,0
1653,1,200,1,12.75
1653,2,200,3,7.75
1654,1,0,4,0
1654,2,50,4,0
1655,1,400,3,7.75
1655,2,400,3,12.75
1656,1,200,2,12.75
1656,2,300,1,7.75
1657,1,200,3,0
1657,2,200,3,0
1658,1,500,3,7.75
1658,2,300,2,7.75
1659,1,400,4,7.75
1659,2,50,4,0
1660,1,300,4,0
1660,2,300,4,0
1661,1,100,3,0
1661,2,100,4,0
1662,1,200,0,0
1662,2,300,2,2.75
1663,1,300,2,15.5
1663,2,400,2,7.75
1664,1,300,2,7.75
1664,2,400,2,7.75
1665,1,1000,2,0
1665,2,1000,3,0
1666,1,50,3,2.75
1666,2,50,2,2.75
1667,1,200,3,0
1667,2,100,3,7.75
1668,1,300,1,7.75
1668,2,200,2,5.5
1669,1,500,2,0
1669,2,500,4,0
1670,1,12.5,4,7.75
1670,2,0,3,0
1671,1,200,2,20.5
1671,2,200,4,7.75
1672,1,200,4,2.75
1672,2,500,2,2.75
1673,1,300,3,0
1673,2,300,4,0
1674,1,200,3,12.75
1674,2,300,3,15.5
1675,1,300,2,25.5
1675,2,300,3,12.75
1676,1,0,4,0
1676,2,0,4,0
1677,1,100,3,0
1677,2,100,4,0
1678,1,50,3,0
1678,2,200,1,0
1679,1,50,2,7.75
1679,2,50,4,7.75
1680,1,50,2,2.75
1680,2,50,3,2.75
1681,1,100,4,2.75
1681,2,0,3,0
1682,1,500,2,0
1682,2,500,3,0
1683,1,400,3,0
1683,2,400,3,2.75
1684,1,400,3,7.75
1684,2,500,3,0
1685,1,100,3,0
1685,2,100,3,0
1686,1,0,3,0
1686,2,0,3,2.75
1687,1,200,3,7.75
1687,2,200,3,0
1688,1,12.5,2,2.75
1688,2,0,4,0
1689,1,200,4,0
1689,2,300,4,0
1690,1,400,4,0
1690,2,400,4,0
1691,1,300,4,0
1691,2,400,3,0
1692,1,50,4,0
1692,2,200,4,0
1693,1,12.5,0,0
1693,2,300,2,0
1694,1,200,3,12.75
1694,2,300,4,10.5
1695,1,50,3,0
1695,2,100,3,0
1696,1,50,3,2.75
1696,2,0,2,7.75
1697,1,0,2,0
1697,2,0,3,0
1698,1,300,4,12.75
1698,2,500,3,12.75
1699,1,500,3,0
1699,2,400,4,0
1700,1,300,4,0
1700,2,200,3,0
1701,1,300,2,0
1701,2,300,2,0
1702,1,700,3,12.75
1702,2,700,3,7.75
1703,1,700,3,12.75
1703,2,1000,4,12.75
1704,1,0,3,0
1704,2,0,3,0
1705,1,200,3,0
1705,2,100,3,0
1706,1,50,2,0
1706,2,100,2,0
1707,1,12.5,3,7.75
1707,2,50,3,2.75
1708,1,500,2,0
1708,2,500,3,0
1709,1,400,3,15.5
1709,2,400,3,12.75
1710,1,100,3,0
1710,2,100,3,0
1711,1,700,3,0
1711,2,1000,3,0
1712,1,100,3,0
1712,2,200,2,0
1713,1,12.5,3,0
1713,2,12.5,3,2.75
1714,1,400,2,7.75
1714,2,400,3,7.75
1715,1,300,2,12.75
1715,2,400,3,15.5
1716,1,100,4,0
1716,2,0,3,0
1717,1,100,3,0
1717,2,100,2,0
1718,1,50,3,2.75
1718,2,50,3,2.75
1719,1,0,2,0
1719,2,50,3,0
1720,1,400,3,0
1720,2,400,3,0
1721,1,300,1,0
1721,2,300,1,0
1722,1,200,2,0
1722,2,200,3,0
1723,1,12.5,3,0
1723,2,12.5,4,0
1724,1,0,3,0
1724,2,0,4,0
1725,1,500,3,12.75
1725,2,400,3,0
1726,1,200,2,7.75
1726,2,300,1,7.75
1727,1,0,2,0
1727,2,300,3,0
1728,1,0,3,7.75
1728,2,0,2,0
1729,1,500,3,2.75
1729,2,700,3,2.75
1730,1,300,2,15.5
1730,2,400,2,7.75
1731,1,300,2,12.75
1731,2,400,2,12.75
1732,1,100,2,0
1732,2,100,4,0
1733,1,0,3,2.75
1733,2,12.5,4,5.5
1734,1,400,0,7.75
1734,2,400,2,0
1735,1,0,3,0
1735,2,200,2,7.75
1736,1,300,1,7.75
1736,2,300,3,7.75
1737,1,400,3,0
1737,2,300,4,0
1738,1,0,3,2.75
1738,2,500,2,2.75
1739,1,300,3,0
1739,2,400,3,0
1740,1,0,3,0
1740,2,50,4,0
1741,1,300,1,0
1741,2,400,2,12.75
1742,1,500,2,7.75
1742,2,200,3,2.75
1743,1,700,3,0
1743,2,500,3,0
1744,1,200,2,0
1744,2,200,2,0
1745,1,300,3,2.75
1745,2,300,3,2.75
1746,1,300,2,0
1746,2,300,3,0
1747,1,50,2,0
1747,2,100,2,0
1748,1,300,1,2.75
1748,2,300,2,2.75
1749,1,200,3,0
1749,2,200,4,0
1750,1,0,2,0
1750,2,0,2,0
1751,1,300,3,0
1751,2,400,3,2.75
1752,1,100,2,0
1752,2,200,3,7.75
1753,1,300,3,2.75
1753,2,400,4,2.75
1754,1,500,4,0
1754,2,700,4,0
1755,1,400,3,7.75
1755,2,400,2,12.75
1756,1,12.5,3,0
1756,2,200,3,0
1757,1,0,3,0
1757,2,0,3,0
1758,1,200,3,0
1758,2,100,4,0
1759,1,100,2,0
1759,2,100,4,0
1760,1,300,2,2.75
1760,2,400,2,2.75
1761,1,400,2,2.75
1761,2,400,3,0
1762,1,400,3,10.5
1762,2,500,3,7.75
1763,1,1000,1,0
1763,2,1000,0,0
1764,1,300,1,7.75
1764,2,300,4,0
1765,1,0,4,0
1765,2,50,4,0
1766,1,1000,2,12.75
1766,2,1000,3,12.75
1767,1,300,3,0
1767,2,100,3,0
1768,1,0,2,2.75
1768,2,0,3,0
1769,1,200,3,0
1769,2,100,3,12.75
1770,1,100,3,0
1770,2,300,3,0
1771,1,400,3,0
1771,2,500,2,0
1772,1,300,3,7.75
1772,2,300,1,15.5
1773,1,400,1,0
1773,2,400,3,0
1774,1,500,2,7.75
1774,2,200,2,7.75
1775,1,500,1,10.5
1775,2,200,2,15.5
1776,1,200,2,7.75
1776,2,100,1,0
1777,1,100,3,0
1777,2,0,3,0
1778,1,300,2,0
1778,2,200,3,12.75
1779,1,200,3,0
1779,2,200,3,0
1780,1,400,2,2.75
1780,2,400,4,7.75
1781,1,200,3,0
1781,2,200,3,0
1782,1,300,3,7.75
1782,2,400,3,0
1783,1,500,3,0
1783,2,500,3,0
1784,1,500,2,7.75
1784,2,700,2,7.75
1785,1,0,3,0
1785,2,0,3,7.75
1786,1,300,2,0
1786,2,300,3,0
1787,1,100,3,2.75
1787,2,200,3,7.75
1788,1,0,2,0
1788,2,0,3,0
1789,1,300,2,0
1789,2,400,4,2.75
1790,1,300,3,0
1790,2,300,4,0
1791,1,500,3,0
1791,2,400,1,0
1792,1,12.5,2,0
1792,2,300,2,12.75
1793,1,12.5,2,0
1793,2,300,3,7.75
1794,1,100,3,0
1794,2,50,3,0
1795,1,300,2,0
1795,2,300,2,0
1796,1,300,2,5.5
1796,2,200,2,2.75
1797,1,300,2,10.5
1797,2,300,3,15.5
1798,1,400,3,15.5
1798,2,300,3,7.75
1799,1,500,3,12.75
1799,2,500,3,12.75
1800,1,300,2,0
1800,2,200,0,7.75
1801,1,0,4,0
1801,2,300,4,7.75
1802,1,0,3,0
1802,2,0,3,0
1803,1,1000,3,0
1803,2,1000,4,7.75
1804,1,300,4,0
1804,2,300,3,0
1805,1,100,2,0
1805,2,300,3,2.75
1806,1,50,3,0
1806,2,50,2,0
1807,1,200,2,0
1807,2,50,2,0
1808,1,50,4,0
1808,2,50,3,0
1809,1,700,4,0
1809,2,1000,4,7.75
1810,1,500,2,12.75
1810,2,500,2,0
1811,1,200,4,0
1811,2,0,4,0
1812,1,100,3,0
1812,2,200,3,0
1813,1,200,1,15.5
1813,2,300,0,7.75
1814,1,0,3,2.75
1814,2,12.5,2,0
1815,1,100,1,0
1815,2,100,1,2.75
1816,1,200,2,2.75
1816,2,300,1,7.75
1817,1,400,4,7.75
1817,2,700,3,7.75
1818,1,0,2,0
1818,2,100,1,0
1819,1,0,3,7.75
1819,2,300,1,10.5
1820,1,700,1,15.5
1820,2,500,3,20.5
1821,1,500,3,0
1821,2,700,3,0
1822,1,200,3,7.75
1822,2,200,2,0
1823,1,0,3,0
1823,2,0,3,2.75
1824,1,200,1,7.75
1824,2,100,4,0
1825,1,400,2,20.5
1825,2,500,2,12.75
1826,1,500,3,0
1826,2,500,3,2.75
1827,1,500,3,10.5
1827,2,500,3,7.75
1828,1,200,3,2.75
1828,2,200,1,5.5
1829,1,100,2,7.75
1829,2,0,3,7.75
1830,1,300,2,15.5
1830,2,400,3,2.75
1831,1,300,2,10.5
1831,2,300,2,10.5
1832,1,300,2,7.75
1832,2,300,4,2.75
1833,1,400,2,7.75
1833,2,400,1,15.5
1834,1,100,2,0
1834,2,200,3,2.75
1835,1,12.5,2,15.5
1835,2,100,3,7.75
1836,1,400,2,7.75
1836,2,400,3,0
1837,1,12.5,3,2.75
1837,2,50,3,0
1838,1,200,0,7.75
1838,2,200,0,5.5
1839,1,400,2,7.75
1839,2,300,2,2.75
1840,1,100,3,0
1840,2,100,4,0
1841,1,0,2,0
1841,2,0,2,0
1842,1,100,3,7.75
1842,2,100,3,10.5
1843,1,400,1,7.75
1843,2,700,2,7.75
1844,1,0,2,2.75
1844,2,100,2,0
1845,1,50,2,0
1845,2,100,2,0
1846,1,12.5,3,0
1846,2,0,3,0
1847,1,0,3,0
1847,2,0,3,0
1848,1,700,3,7.75
1848,2,500,4,0
1849,1,200,3,0
1849,2,300,3,0
1850,1,300,3,7.75
1850,2,100,1,12.75
1851,1,50,3,0
1851,2,100,3,0
1852,1,12.5,4,0
1852,2,0,4,0
1853,1,300,3,7.75
1853,2,300,3,7.75
1854,1,500,3,2.75
1854,2,500,3,2.75
1855,1,100,3,0
1855,2,200,3,0
1856,1,0,4,0
1856,2,100,4,0
1857,1,300,3,0
1857,2,300,2,2.75
1858,1,400,3,12.75
1858,2,300,3,5.5
1859,1,200,4,0
1859,2,300,4,7.75
1860,1,0,2,5.5
1860,2,100,3,2.75
1861,1,300,2,0
1861,2,300,3,2.75
1862,1,0,2,0
1862,2,0,2,0
1863,1,12.5,3,0
1863,2,50,3,0
1864,1,2000,3,7.75
1864,2,700,2,0
1865,1,700,3,0
1865,2,500,3,7.75
1866,1,100,3,7.75
1866,2,200,3,0
1867,1,500,2,0
1867,2,400,3,0
1868,1,500,3,0
1868,2,500,3,0
1869,1,500,4,7.75
1869,2,700,3,2.75
1870,1,200,3,15.5
1870,2,400,3,25.5
1871,1,100,1,0
1871,2,300,3,0
1872,1,300,3,0
1872,2,300,3,0
1873,1,0,2,0
1873,2,0,3,0
1874,1,500,3,12.75
1874,2,400,2,12.75
1875,1,400,3,0
1875,2,400,3,2.75
1876,1,12.5,1,0
1876,2,12.5,0,0
1877,1,300,4,7.75
1877,2,200,4,0
1878,1,200,3,0
1878,2,300,3,0
1879,1,0,2,0
1879,2,0,2,0
1880,1,300,3,7.75
1880,2,500,3,0
1881,1,300,3,7.75
1881,2,300,2,7.75
1882,1,400,3,0
1882,2,400,3,0
1883,1,0,0,0
1883,2,0,2,2.75
1884,1,400,3,0
1884,2,400,3,0
1885,1,500,2,0
1885,2,500,2,0
1886,1,400,2,15.5
1886,2,400,4,5.5
1887,1,50,2,0
1887,2,100,2,0
1888,1,50,3,0
1888,2,200,3,0
1889,1,0,4,2.75
1889,2,0,4,0
1890,1,0,1,0
1890,2,0,1,0
1891,1,0,4,0
1891,2,200,4,0
1892,1,200,3,0
1892,2,400,3,7.75
1893,1,500,2,7.75
1893,2,700,3,0
1894,1,400,3,0
1894,2,400,3,0
1895,1,200,3,0
1895,2,200,3,7.75
1896,1,200,3,12.75
1896,2,200,2,0
1897,1,200,3,0
1897,2,100,3,0
1898,1,500,2,0
1898,2,500,2,0
1899,1,500,2,0
1899,2,500,2,12.75
1900,1,0,3,0
1900,2,0,3,0
1901,1,500,2,2.75
1901,2,500,2,0
1902,1,300,1,7.75
1902,2,400,3,0
1903,1,500,3,0
1903,2,500,2,2.75
1904,1,700,3,0
1904,2,700,3,7.75
1905,1,500,3,12.75
1905,2,700,3,12.75
1906,1,200,1,7.75
1906,2,200,1,0
1907,1,300,3,0
1907,2,300,3,0
1908,1,300,4,15.5
1908,2,400,4,7.75
1909,1,400,3,2.75
1909,2,400,2,0
1910,1,400,4,0
1910,2,500,3,0
1911,1,400,3,2.75
1911,2,400,4,7.75
1912,1,400,2,2.75
1912,2,300,2,0
1913,1,400,2,15.5
1913,2,300,2,2.75
1914,1,100,2,2.75
1914,2,300,2,7.75
1915,1,0,2,15.5
1915,2,200,2,7.75
1916,1,700,3,7.75
1916,2,700,3,0
1917,1,500,4,7.75
1917,2,500,4,7.75
1918,1,300,3,0
1918,2,300,3,2.75
1919,1,300,2,0
1919,2,200,1,0
1920,1,400,3,0
1920,2,300,3,15.5
1921,1,500,3,2.75
1921,2,500,2,7.75
1922,1,300,2,7.75
1922,2,300,2,7.75
1923,1,0,2,0
1923,2,0,3,0
1924,1,200,3,2.75
1924,2,100,2,0
1925,1,100,2,10.5
1925,2,300,1,15.5
1926,1,100,4,2.75
1926,2,100,4,2.75
1927,1,200,3,0
1927,2,300,3,0
1928,1,400,2,0
1928,2,300,2,0
1929,1,300,2,10.5
1929,2,300,3,7.75
1930,1,100,3,7.75
1930,2,100,3,10.5
1931,1,700,3,12.75
1931,2,700,2,10.5
1932,1,300,1,0
1932,2,400,2,7.75
1933,1,200,3,7.75
1933,2,200,2,7.75
1934,1,300,4,2.75
1934,2,300,4,2.75
1935,1,100,4,0
1935,2,100,3,0
1936,1,50,2,0
1936,2,100,3,0
1937,1,400,0,0
1937,2,400,2,7.75
1938,1,400,2,7.75
1938,2,400,3,15.5
1939,1,0,3,0
1939,2,100,4,0
1940,1,12.5,3,0
1940,2,12.5,3,0
1941,1,100,2,5.5
1941,2,100,2,10.5
1942,1,0,0,12.75
1942,2,200,1,12.75
1943,1,300,3,2.75
1943,2,300,3,7.75
1944,1,200,1,7.75
1944,2,300,2,15.5
1945,1,100,3,0
1945,2,200,3,0
1946,1,200,1,15.5
1946,2,300,1,12.75
1947,1,200,2,7.75
1947,2,200,3,7.75
1948,1,500,3,15.5
1948,2,500,4,12.75
1949,1,300,3,0
1949,2,300,2,0
1950,1,200,3,0
1950,2,200,3,2.75
1951,1,50,3,10.5
1951,2,100,3,15.5
1952,1,300,3,0
1952,2,400,4,2.75
1953,1,400,3,0
1953,2,400,3,7.75
1954,1,200,2,0
1954,2,0,2,0
1955,1,200,3,0
1955,2,300,3,0
1956,1,0,3,0
1956,2,0,3,0
1957,1,100,1,0
1957,2,100,2,2.75
1958,1,100,2,0
1958,2,200,3,0
1959,1,12.5,3,0
1959,2,200,3,7.75
1960,1,0,3,0
1960,2,0,2,0
1961,1,400,1,7.75
1961,2,400,4,0
1962,1,400,2,20.5
1962,2,400,2,7.75
1963,1,400,0,12.75
1963,2,400,2,7.75
1964,1,300,3,0
1964,2,300,2,0
1965,1,200,3,0
1965,2,200,3,12.75
1966,1,300,3,0
1966,2,300,3,12.75
1967,1,400,3,0
1967,2,400,3,7.75
1968,1,300,3,0
1968,2,300,3,0
1969,1,200,2,7.75
1969,2,200,0,0
1970,1,400,3,7.75
1970,2,500,4,7.75
1971,1,12.5,2,0
1971,2,100,2,0
1972,1,200,3,2.75
1972,2,200,3,2.75
1973,1,200,4,0
1973,2,300,4,0
1974,1,100,3,0
1974,2,0,3,7.75
1975,1,0,3,0
1975,2,0,3,0
1976,1,300,2,0
1976,2,300,3,0
1977,1,12.5,3,2.75
1977,2,12.5,2,2.75
1978,1,300,2,2.75
1978,2,300,3,2.75
1979,1,300,2,2.75
1979,2,300,2,0
1980,1,700,3,15.5
1980,2,700,3,10.5
1981,1,200,2,7.75
1981,2,400,3,0
1982,1,200,3,7.75
1982,2,300,2,0
1983,1,500,0,15.5
1983,2,500,0,7.75
1984,1,500,3,12.75
1984,2,400,3,7.75
1985,1,200,4,12.75
1985,2,300,4,12.75
1986,1,12.5,2,0
1986,2,12.5,3,0
1987,1,50,4,0
1987,2,300,4,0
1988,1,300,2,7.75
1988,2,300,2,0
1989,1,12.5,4,7.75
1989,2,12.5,3,7.75
1990,1,12.5,3,2.75
1990,2,300,3,0
1991,1,400,3,7.75
1991,2,400,3,12.75
1992,1,700,3,7.75
1992,2,1000,3,0
1993,1,100,3,10.5
1993,2,200,3,10.5
1994,1,400,3,0
1994,2,500,3,0
1995,1,400,3,7.75
1995,2,400,3,0
1996,1,12.5,4,0
1996,2,200,4,0
1997,1,200,4,0
1997,2,300,2,0
1998,1,200,2,0
1998,2,300,2,2.75
1999,1,500,2,0
1999,2,500,3,0
2000,1,200,2,12.75
2000,2,200,2,12.75
2001,1,0,2,7.75
2001,2,50,1,0
2002,1,0,1,0
2002,2,0,1,7.75
2003,1,12.5,2,0
2003,2,200,3,0
2004,1,400,3,0
2004,2,300,3,7.75
2005,1,100,3,0
2005,2,100,3,0
2006,1,400,4,0
2006,2,400,4,0
2007,1,400,3,0
2007,2,500,4,7.75
2008,1,400,0,12.75
2008,2,500,3,7.75
2009,1,0,2,0
2009,2,12.5,1,0
2010,1,200,2,2.75
2010,2,200,3,2.75
2011,1,200,2,7.75
2011,2,300,2,15.5
2012,1,50,3,0
2012,2,50,4,0
2013,1,0,1,7.75
2013,2,0,1,7.75
2014,1,500,3,0
2014,2,700,3,0
2015,1,0,0,0
2015,2,200,3,0
2016,1,0,2,2.75
2016,2,0,2,2.75
2017,1,0,2,7.75
2017,2,0,3,0
2018,1,300,3,7.75
2018,2,400,2,25.5
2019,1,500,3,7.75
2019,2,500,4,7.75
2020,1,500,4,2.75
2020,2,500,4,2.75
2021,1,100,3,0
2021,2,200,1,2.75
2022,1,0,3,2.75
2022,2,0,4,0
2023,1,400,2,7.75
2023,2,500,3,0
2024,1,0,2,2.75
2024,2,50,2,2.75
2025,1,300,2,5.5
2025,2,100,1,10.5
2026,1,50,3,2.75
2026,2,200,3,7.75
2027,1,400,3,0
2027,2,400,3,0
2028,1,700,3,0
2028,2,700,4,0
2029,1,100,3,0
2029,2,100,4,0
2030,1,400,3,2.75
2030,2,400,3,0
2031,1,100,3,0
2031,2,50,0,0
2032,1,100,1,0
2032,2,200,2,0
2033,1,300,0,7.75
2033,2,300,1,7.75
2034,1,300,0,7.75
2034,2,200,2,0
2035,1,400,2,7.75
2035,2,400,3,0
2036,1,300,2,7.75
2036,2,300,2,15.5
2037,1,0,4,0
2037,2,0,4,0
2038,1,100,2,0
2038,2,100,1,0
2039,1,200,1,0
2039,2,12.5,4,7.75
2040,1,400,2,7.75
2040,2,400,2,7.75
2041,1,50,2,12.75
2041,2,100,2,12.75
2042,1,0,0,12.75
2042,2,50,0,2.75
2043,1,50,0,0
2043,2,300,1,0
2044,1,500,3,0
2044,2,500,3,7.75
2045,1,300,3,7.75
2045,2,400,3,7.75
2046,1,700,2,0
2046,2,700,2,0
2047,1,0,4,0
2047,2,0,4,0
2048,1,12.5,2,0
2048,2,50,3,2.75
2049,1,300,4,0
2049,2,50,3,0
2050,1,100,3,0
2050,2,50,3,2.75
2051,1,500,3,0
2051,2,500,3,7.75
2052,1,400,2,0
2052,2,400,2,7.75
2053,1,400,3,20.5
2053,2,500,4,12.75
2054,1,700,3,0
2054,2,1000,3,0
2055,1,300,3,0
2055,2,300,2,0
2056,1,100,2,0
2056,2,200,1,0
2057,1,1000,3,0
2057,2,1000,3,12.75
2058,1,0,3,7.75
2058,2,0,4,0
2059,1,700,4,7.75
2059,2,700,4,0
2060,1,200,3,7.75
2060,2,500,3,10.5
2061,1,0,3,0
2061,2,0,3,0
2062,1,200,3,0
2062,2,0,3,0
2063,1,50,3,0
2063,2,50,2,0
2064,1,300,2,12.75
2064,2,400,3,0
2065,1,400,0,20.5
2065,2,500,1,0
2066,1,700,3,7.75
2066,2,700,4,0
2067,1,400,3,7.75
2067,2,400,3,7.75
2068,1,300,2,10.5
2068,2,200,3,2.75
2069,1,500,4,2.75
2069,2,500,4,7.75
2070,1,400,2,15.5
2070,2,400,2,7.75
2071,1,200,3,7.75
2071,2,300,2,7.75
2072,1,12.5,3,0
2072,2,200,0,0
2073,1,400,3,0
2073,2,200,3,0
2074,1,200,3,15.5
2074,2,200,3,7.75
2075,1,12.5,3,0
2075,2,0,3,0
2076,1,1000,3,7.75
2076,2,700,3,0
2077,1,300,3,0
2077,2,200,1,0
2078,1,0,4,0
2078,2,50,4,0
2079,1,200,3,0
2079,2,300,3,0
2080,1,300,2,20.5
2080,2,300,3,7.75
2081,1,300,1,0
2081,2,300,2,7.75
2082,1,200,4,7.75
2082,2,200,3,2.75
2083,1,0,3,0
2083,2,0,3,0
2084,1,300,1,7.75
2084,2,400,2,7.75
2085,1,500,2,12.75
2085,2,500,2,7.75
2086,1,50,3,0
2086,2,12.5,4,0
2087,1,700,2,7.75
2087,2,1000,3,12.75
2088,1,700,3,0
2088,2,700,3,0
2089,1,200,4,0
2089,2,200,3,0
2090,1,200,3,2.75
2090,2,300,3,0
2091,1,400,1,7.75
2091,2,500,4,7.75
2092,1,2250,4,25.5
2092,2,300,1,10.5
2093,1,500,3,7.75
2093,2,700,2,7.75
2094,1,50,3,0
2094,2,100,3,0
2095,1,100,3,7.75
2095,2,100,1,0
2096,1,50,3,2.75
2096,2,300,3,7.75
2097,1,400,2,2.75
2097,2,400,3,0
2098,1,400,3,0
2098,2,400,4,0
2099,1,700,2,2.75
2099,2,700,2,0
2100,1,400,2,0
2100,2,100,3,0
2101,1,0,3,0
2101,2,0,4,0
2102,1,300,4,12.75
2102,2,200,4,0
2103,1,12.5,2,2.75
2103,2,200,2,7.75
2104,1,100,0,7.75
2104,2,200,1,7.75
2105,1,0,3,0
2105,2,100,4,0
2106,1,300,2,7.75
2106,2,300,1,2.75
2107,1,400,2,0
2107,2,500,3,7.75
2108,1,400,2,0
2108,2,400,2,0
2109,1,12.5,4,0
2109,2,12.5,4,0
2110,1,12.5,3,0
2110,2,0,3,0
2111,1,400,3,2.75
2111,2,400,3,2.75
2112,1,0,2,0
2112,2,200,2,0
2113,1,300,4,0
2113,2,400,4,12.75
2114,1,12.5,3,0
2114,2,0,3,0
2115,1,300,2,2.75
2115,2,400,2,10.5
2116,1,100,3,12.75
2116,2,100,3,0
2117,1,700,3,7.75
2117,2,700,3,7.75
2118,1,50,3,0
2118,2,300,2,2.75
2119,1,0,1,2.75
2119,2,100,2,10.5
2120,1,0,3,2.75
2120,2,12.5,3,0
2121,1,50,2,12.75
2121,2,200,3,0
2122,1,200,3,0
2122,2,200,2,0
2123,1,100,4,2.75
2123,2,100,3,7.75
2124,1,100,2,0
2124,2,100,1,0
2125,1,300,4,10.5
2125,2,300,3,2.75
2126,1,200,4,7.75
2126,2,200,4,7.75
2127,1,50,2,0
2127,2,500,3,12.75
2128,1,100,2,7.75
2128,2,200,2,10.5
2129,1,1500,4,0
2129,2,2000,4,0
2130,1,50,4,2.75
2130,2,100,2,0
2131,1,50,3,0
2131,2,50,4,0
2132,1,200,2,0
2132,2,200,3,7.75
2133,1,100,1,2.75
2133,2,100,0,15.5
2134,1,100,1,0
2134,2,200,3,0
2135,1,200,3,0
2135,2,200,3,0
2136,1,300,4,0
2136,2,200,3,0
2137,1,400,3,12.75
2137,2,400,3,7.75
2138,1,200,1,0
2138,2,200,2,0
2139,1,100,3,10.5
2139,2,300,2,15.5
2140,1,400,2,2.75
2140,2,500,3,2.75
2141,1,300,3,5.5
2141,2,400,3,10.5
2142,1,700,2,7.75
2142,2,1000,2,12.75
2143,1,400,3,0
2143,2,500,3,0
2144,1,50,2,0
2144,2,200,3,2.75
2145,1,300,3,0
2145,2,400,3,0
2146,1,700,2,5.5
2146,2,1000,3,2.75
2147,1,500,3,0
2147,2,700,3,2.75
2148,1,400,3,7.75
2148,2,400,3,12.75
2149,1,12.5,3,0
2149,2,12.5,2,2.75
2150,1,0,4,0
2150,2,0,4,0
2151,1,200,2,7.75
2151,2,200,2,2.75
2152,1,50,3,0
2152,2,12.5,2,0
2153,1,500,3,2.75
2153,2,700,3,15.5
2154,1,200,4,0
2154,2,200,4,0
2155,1,200,2,7.75
2155,2,200,3,7.75
2156,1,100,3,7.75
2156,2,100,3,0
2157,1,0,2,0
2157,2,100,2,7.75
2158,1,200,3,12.75
2158,2,500,4,12.75
2159,1,400,2,20.5
2159,2,300,2,7.75
2160,1,0,3,0
2160,2,50,3,2.75
2161,1,100,4,0
2161,2,100,3,0
2162,1,100,1,7.75
2162,2,0,1,12.75
2163,1,400,1,0
2163,2,400,0,0
2164,1,400,3,7.75
2164,2,400,3,0
2165,1,500,3,12.75
2165,2,700,3,0
2166,1,50,3,0
2166,2,200,4,0
2167,1,0,3,0
2167,2,0,2,7.75
2168,1,200,0,0
2168,2,300,1,0
2169,1,500,3,12.75
2169,2,500,4,12.75
2170,1,300,2,2.75
2170,2,500,1,0
2171,1,300,4,0
2171,2,300,4,2.75
2172,1,300,1,0
2172,2,200,2,0
2173,1,200,3,0
2173,2,400,3,0
2174,1,500,2,12.75
2174,2,500,2,0
2175,1,300,3,0
2175,2,400,3,0
2176,1,200,2,10.5
2176,2,100,2,7.75
2177,1,300,1,7.75
2177,2,300,1,7.75
2178,1,0,3,0
2178,2,100,3,0
2179,1,400,2,0
2179,2,400,3,0
2180,1,0,2,0
2180,2,0,1,0
2181,1,400,4,2.75
2181,2,300,4,15.5
2182,1,100,3,0
2182,2,400,4,0
2183,1,0,3,0
2183,2,12.5,3,0
2184,1,200,3,0
2184,2,200,4,0
2185,1,0,4,7.75
2185,2,0,4,7.75
2186,1,700,3,12.75
2186,2,700,3,7.75
2187,1,300,3,12.75
2187,2,300,3,2.75
2188,1,300,2,0
2188,2,300,2,0
2189,1,500,3,20.5
2189,2,500,3,12.75
2190,1,400,1,7.75
2190,2,400,1,2.75
2191,1,400,3,7.75
2191,2,500,3,0
2192,1,0,4,0
2192,2,300,4,7.75
2193,1,400,4,0
2193,2,500,4,7.75
2194,1,0,3,2.75
2194,2,0,3,0
2195,1,200,3,10.5
2195,2,300,3,7.75
2196,1,0,3,0
2196,2,0,4,0
2197,1,300,4,0
2197,2,300,4,7.75
2198,1,300,2,0
2198,2,300,3,0
2199,1,700,4,12.75
2199,2,1000,4,12.75
2200,1,500,4,2.75
2200,2,700,4,0
2201,1,100,3,0
2201,2,200,3,0
2202,1,1000,3,0
2202,2,2000,3,0
2203,1,0,2,0
2203,2,0,2,7.75
2204,1,12.5,3,0
2204,2,0,3,0
2205,1,100,3,0
2205,2,100,4,0
2206,1,200,3,7.75
2206,2,200,1,0
2207,1,400,3,0
2207,2,200,3,0
2208,1,400,3,25.5
2208,2,500,2,7.75
2209,1,700,4,25.5
2209,2,500,3,12.75
2210,1,50,2,0
2210,2,200,3,7.75
2211,1,300,1,0
2211,2,300,3,2.75
2212,1,500,0,7.75
2212,2,500,2,0
2213,1,300,2,0
2213,2,300,3,12.75
2214,1,400,4,15.5
2214,2,500,4,15.5
2215,1,12.5,4,0
2215,2,100,3,0
2216,1,50,3,0
2216,2,200,3,0
2217,1,200,3,7.75
2217,2,200,3,0
2218,1,500,3,7.75
2218,2,700,3,0
2219,1,100,3,0
2219,2,100,3,0
2220,1,0,3,0
2220,2,0,3,0
2221,1,300,3,0
2221,2,400,3,0
2222,1,700,4,7.75
2222,2,1000,4,7.75
2223,1,12.5,1,0
2223,2,100,1,7.75
2224,1,12.5,3,0
2224,2,50,3,0
2225,1,12.5,3,0
2225,2,0,3,0
2226,1,500,3,2.75
2226,2,500,3,2.75
2227,1,500,3,12.75
2227,2,500,3,0
2228,1,700,2,0
2228,2,700,3,0
2229,1,300,4,12.75
2229,2,200,3,0
2230,1,50,3,0
2230,2,50,1,0
2231,1,500,2,7.75
2231,2,700,4,7.75
2232,1,0,3,0
2232,2,0,3,0
2233,1,50,3,0
2233,2,200,2,0
2234,1,400,4,15.5
2234,2,1000,4,10.5
2235,1,400,2,15.5
2235,2,500,1,7.75
2236,1,500,3,2.75
2236,2,500,2,7.75
2237,1,0,3,0
2237,2,50,4,0
2238,1,200,2,0
2238,2,50,3,0
2239,1,50,1,0
2239,2,0,2,0
2240,1,0,3,20.5
2240,2,50,4,0
2241,1,100,3,20.5
2241,2,50,3,2.75
2242,1,700,3,12.75
2242,2,500,2,2.75
2243,1,12.5,2,0
2243,2,50,3,2.75
2244,1,0,4,0
2244,2,0,4,0
2245,1,500,3,7.75
2245,2,500,2,2.75
2246,1,12.5,3,0
2246,2,12.5,3,0
2247,1,100,2,2.75
2247,2,100,3,0
2248,1,300,2,0
2248,2,300,2,7.75
2249,1,500,3,15.5
2249,2,500,3,12.75
2250,1,400,3,0
2250,2,500,3,7.75
2251,1,300,3,0
2251,2,300,3,0
2252,1,500,3,7.75
2252,2,700,3,2.75
2253,1,100,3,0
2253,2,200,2,0
2254,1,50,1,0
2254,2,100,0,2.75
2255,1,400,3,0
2255,2,400,1,7.75
2256,1,0,2,0
2256,2,0,2,0
2257,1,300,1,12.75
2257,2,300,1,0
2258,1,500,3,2.75
2258,2,700,4,0
2259,1,300,2,12.75
2259,2,300,3,7.75
2260,1,200,3,7.75
2260,2,300,2,2.75
2261,1,100,4,2.75
2261,2,0,4,0
2262,1,0,3,0
2262,2,0,3,0
2263,1,300,3,0
2263,2,400,2,0
2264,1,100,2,0
2264,2,100,3,0
2265,1,300,3,0
2265,2,300,3,0
2266,1,400,1,7.75
2266,2,500,1,0
2267,1,100,4,0
2267,2,200,4,0
2268,1,200,3,5.5
2268,2,200,3,7.75
2269,1,50,3,2.75
2269,2,50,0,2.75
2270,1,100,3,2.75
2270,2,200,3,2.75
2271,1,500,3,0
2271,2,500,3,0
2272,1,400,2,20.5
2272,2,400,4,10.5
2273,1,12.5,3,7.75
2273,2,300,2,7.75
2274,1,300,1,12.75
2274,2,400,1,15.5
2275,1,500,4,20.5
2275,2,500,4,20.5
2276,1,700,2,7.75
2276,2,700,3,0
2277,1,200,1,15.5
2277,2,400,2,20.5
2278,1,300,2,7.75
2278,2,400,2,7.75
2279,1,700,3,7.75
2279,2,700,3,2.75
2280,1,200,1,7.75
2280,2,300,1,7.75
2281,1,200,3,10.5
2281,2,300,3,7.75
2282,1,300,3,0
2282,2,500,3,7.75
2283,1,50,2,7.75
2283,2,200,3,2.75
2284,1,100,3,2.75
2284,2,200,3,0
2285,1,100,4,0
2285,2,12.5,3,0
2286,1,12.5,4,7.75
2286,2,12.5,4,15.5
2287,1,0,3,12.75
2287,2,0,3,0
2288,1,500,1,7.75
2288,2,500,2,0
2289,1,200,2,0
2289,2,300,2,0
2290,1,300,2,0
2290,2,200,1,0
2291,1,0,3,0
2291,2,0,2,0
2292,1,700,4,0
2292,2,700,4,7.75
2293,1,300,1,7.75
2293,2,12.5,0,7.75
2294,1,500,3,7.75
2294,2,500,2,7.75
2295,1,0,4,0
2295,2,0,4,0
2296,1,300,2,12.75
2296,2,300,3,0
2297,1,100,3,0
2297,2,50,4,0
2298,1,700,2,7.75
2298,2,500,1,0
2299,1,0,3,0
2299,2,0,4,0
2300,1,500,1,7.75
2300,2,700,2,0
2301,1,300,2,0
2301,2,400,3,7.75
2302,1,400,3,0
2302,2,400,3,0
2303,1,0,4,0
2303,2,0,4,0
2304,1,300,4,0
2304,2,300,4,0
2305,1,50,3,0
2305,2,100,3,7.75
2306,1,100,3,0
2306,2,200,3,0
2307,1,0,3,0
2307,2,50,4,0
2308,1,100,3,0
2308,2,0,3,0
2309,1,0,3,0
2309,2,0,3,0
2310,1,200,3,0
2310,2,300,3,0
2311,1,500,4,0
2311,2,700,4,7.75
2312,1,100,3,0
2312,2,400,3,0
2313,1,500,2,0
2313,2,500,3,7.75
2314,1,50,3,0
2314,2,0,3,0
2315,1,200,3,12.75
2315,2,200,3,7.75
2316,1,200,2,2.75
2316,2,500,2,0
2317,1,300,1,0
2317,2,200,2,7.75
2318,1,300,3,0
2318,2,400,3,0
2319,1,400,3,2.75
2319,2,500,4,7.75
2320,1,700,3,0
2320,2,700,2,0
2321,1,0,0,12.75
2321,2,12.5,1,0
2322,1,100,3,7.75
2322,2,100,3,0
2323,1,200,3,2.75
2323,2,300,3,0
2324,1,200,3,2.75
2324,2,300,3,0
2325,1,500,3,15.5
2325,2,700,3,7.75
2326,1,0,3,7.75
2326,2,0,3,7.75
2327,1,200,3,7.75
2327,2,300,3,0
2328,1,0,2,0
2328,2,200,1,0
2329,1,300,2,0
2329,2,300,3,12.75
2330,1,200,2,0
2330,2,300,2,0
2331,1,1000,3,0
2331,2,1500,3,0
2332,1,400,3,0
2332,2,400,3,0
2333,1,100,3,7.75
2333,2,300,3,15.5
2334,1,0,4,2.75
2334,2,100,4,0
2335,1,100,0,15.5
2335,2,0,1,7.75
2336,1,400,2,0
2336,2,400,2,0
2337,1,500,3,0
2337,2,700,3,2.75
2338,1,300,1,0
2338,2,400,2,7.75
2339,1,300,3,0
2339,2,400,3,0
2340,1,2250,1,15.5
2340,2,1000,1,5.5
2341,1,100,2,0
2341,2,200,2,7.75
2342,1,0,2,0
2342,2,0,2,0
2343,1,100,3,0
2343,2,100,4,0
2344,1,0,3,0
2344,2,0,3,0
2345,1,200,2,2.75
2345,2,100,2,0
2346,1,200,3,7.75
2346,2,200,3,7.75
2347,1,500,3,0
2347,2,500,3,0
2348,1,300,2,2.75
2348,2,300,3,20.5
2349,1,300,2,0
2349,2,300,2,2.75
2350,1,100,3,0
2350,2,200,3,0
2351,1,0,0,0
2351,2,0,2,0
2352,1,50,3,7.75
2352,2,50,3,0
2353,1,0,3,0
2353,2,0,3,0
2354,1,0,1,0
2354,2,0,2,0
2355,1,0,3,0
2355,2,100,3,7.75
2356,1,400,3,10.5
2356,2,400,3,20.5
2357,1,500,3,25.5
2357,2,500,3,12.75
2358,1,500,3,12.75
2358,2,500,3,0
2359,1,0,2,0
2359,2,100,3,0
2360,1,400,2,0
2360,2,400,3,7.75
2361,1,0,2,5.5
2361,2,200,2,2.75
2362,1,500,3,0
2362,2,500,3,0
2363,1,0,4,7.75
2363,2,12.5,3,7.75
2364,1,300,2,0
2364,2,300,3,7.75
2365,1,300,2,0
2365,2,200,3,0
2366,1,100,3,0
2366,2,100,3,0
2367,1,700,2,10.5
2367,2,700,2,10.5
2368,1,0,3,0
2368,2,50,3,0
2369,1,0,4,0
2369,2,0,4,0
2370,1,400,2,7.75
2370,2,500,3,0
2371,1,50,2,10.5
2371,2,50,3,7.75
2372,1,400,2,7.75
2372,2,400,1,0
2373,1,500,2,0
2373,2,300,2,7.75
2374,1,400,2,7.75
2374,2,400,4,10.5
2375,1,300,2,20.5
2375,2,300,2,7.75
2376,1,100,3,7.75
2376,2,200,3,10.5
2377,1,400,2,0
2377,2,400,3,0
2378,1,50,3,0
2378,2,100,3,0
2379,1,300,2,0
2379,2,300,2,2.75
2380,1,200,3,0
2380,2,200,2,0
2381,1,500,3,0
2381,2,500,3,0
2382,1,400,1,0
2382,2,500,2,7.75
2383,1,200,2,0
2383,2,300,0,0
2384,1,300,4,0
2384,2,400,4,0
2385,1,300,3,5.5
2385,2,200,2,2.75
2386,1,400,4,0
2386,2,500,4,7.75
2387,1,700,3,7.75
2387,2,1000,3,0
2388,1,50,2,0
2388,2,100,3,0
2389,1,300,3,0
2389,2,500,4,0
2390,1,300,1,25.5
2390,2,300,2,12.75
2391,1,300,3,0
2391,2,300,2,0
2392,1,200,2,0
2392,2,200,3,0
2393,1,12.5,1,0
2393,2,0,3,0
2394,1,300,0,10.5
2394,2,300,2,2.75
2395,1,700,3,10.5
2395,2,500,2,0
2396,1,300,2,0
2396,2,500,2,0
2397,1,200,3,0
2397,2,200,4,0
2398,1,200,3,0
2398,2,300,2,0
2399,1,200,3,0
2399,2,100,2,0
2400,1,500,3,15.5
2400,2,500,1,25.5
2401,1,0,4,0
2401,2,0,4,0
2402,1,0,1,7.75
2402,2,0,2,2.75
2403,1,200,3,2.75
2403,2,200,3,0
2404,1,400,2,7.75
2404,2,400,3,0
2405,1,200,4,0
2405,2,200,3,2.75
2406,1,400,3,7.75
2406,2,400,3,0
2407,1,300,4,2.75
2407,2,200,3,12.75
2408,1,700,3,2.75
2408,2,300,2,2.75
2409,1,200,3,7.75
2409,2,400,3,0
2410,1,300,2,10.5
2410,2,400,3,7.75
2411,1,300,2,0
2411,2,400,3,0
2412,1,200,3,0
2412,2,100,3,0
2413,1,0,3,0
2413,2,100,4,0
2414,1,50,3,0
2414,2,50,4,0
2415,1,300,3,0
2415,2,300,3,2.75
2416,1,100,3,0
2416,2,100,2,0
2417,1,100,0,7.75
2417,2,12.5,2,0
2418,1,100,1,7.75
2418,2,500,0,2.75
2419,1,400,4,2.75
2419,2,400,3,2.75
2420,1,400,3,0
2420,2,400,2,12.75
2421,1,500,2,0
2421,2,500,3,2.75
2422,1,200,4,0
2422,2,200,4,0
2423,1,200,3,0
2423,2,200,3,0
2424,1,100,2,7.75
2424,2,100,2,5.5
2425,1,300,2,12.75
2425,2,300,2,12.75
2426,1,700,3,0
2426,2,700,3,0
2427,1,500,3,2.75
2427,2,700,3,0
2428,1,100,1,0
2428,2,100,1,0
2429,1,500,2,0
2429,2,500,3,12.75
2430,1,700,4,0
2430,2,700,4,12.75
2431,1,100,2,2.75
2431,2,100,2,2.75
2432,1,0,2,0
2432,2,0,2,0
2433,1,500,3,7.75
2433,2,500,3,2.75
2434,1,200,3,7.75
2434,2,300,3,2.75
2435,1,500,1,7.75
2435,2,500,3,0
2436,1,0,2,10.5
2436,2,0,4,15.5
2437,1,300,3,7.75
2437,2,400,3,7.75
2438,1,300,2,0
2438,2,400,3,2.75
2439,1,500,3,20.5
2439,2,500,4,20.5
2440,1,100,1,0
2440,2,100,2,0
2441,1,100,0,0
2441,2,50,0,0
2442,1,300,2,15.5
2442,2,200,1,15.5
2443,1,100,2,0
2443,2,200,1,0
2444,1,300,2,2.75
2444,2,300,3,7.75
2445,1,300,3,2.75
2445,2,50,3,2.75
2446,1,500,3,2.75
2446,2,400,3,2.75
2447,1,200,3,0
2447,2,300,3,0
2448,1,200,3,0
2448,2,200,4,0
2449,1,100,2,2.75
2449,2,200,3,2.75
2450,1,100,4,0
2450,2,200,4,0
2451,1,400,2,7.75
2451,2,400,2,7.75
2452,1,100,3,0
2452,2,50,3,2.75
2453,1,200,3,0
2453,2,200,2,0
2454,1,0,2,12.75
2454,2,0,3,12.75
2455,1,0,4,0
2455,2,0,4,0
2456,1,500,2,5.5
2456,2,700,1,15.5
2457,1,200,3,7.75
2457,2,300,3,12.75
2458,1,12.5,4,0
2458,2,300,4,0
2459,1,200,2,2.75
2459,2,200,3,7.75
2460,1,400,3,12.75
2460,2,400,3,0
2461,1,500,3,0
2461,2,400,3,12.75
2462,1,700,3,0
2462,2,700,4,0
2463,1,0,2,7.75
2463,2,12.5,3,2.75
2464,1,100,2,0
2464,2,200,3,0
2465,1,300,2,12.75
2465,2,200,3,0
2466,1,0,3,0
2466,2,0,3,0
2467,1,100,4,2.75
2467,2,100,4,0
2468,1,200,4,0
2468,2,200,4,0
2469,1,200,3,0
2469,2,300,3,2.75
2470,1,500,4,7.75
2470,2,500,4,15.5
2471,1,1000,2,15.5
2471,2,700,2,7.75
2472,1,50,3,0
2472,2,400,3,0
2473,1,100,3,0
2473,2,100,3,0
2474,1,100,4,2.75
2474,2,100,4,2.75
2475,1,100,2,0
2475,2,200,3,12.75
2476,1,0,4,0
2476,2,0,3,0
2477,1,12.5,4,0
2477,2,50,4,0
2478,1,200,3,10.5
2478,2,200,3,7.75
2479,1,200,3,0
2479,2,300,3,0
2480,1,300,2,0
2480,2,200,3,0
2481,1,0,2,7.75
2481,2,0,0,0
2482,1,300,3,7.75
2482,2,400,2,12.75
2483,1,0,4,2.75
2483,2,0,3,0
2484,1,0,3,7.75
2484,2,0,3,0
2485,1,50,3,0
2485,2,100,3,0
2486,1,100,3,0
2486,2,100,3,0
2487,1,700,3,2.75
2487,2,700,3,0
2488,1,400,3,12.75
2488,2,0,4,0
2489,1,0,3,2.75
2489,2,0,4,7.75
2490,1,0,3,0
2490,2,0,3,0
2491,1,500,1,7.75
2491,2,500,2,7.75
2492,1,0,3,0
2492,2,0,3,0
2493,1,12.5,2,12.75
2493,2,50,2,12.75
2494,1,400,3,2.75
2494,2,400,2,0
2495,1,100,3,0
2495,2,200,3,0
2496,1,500,3,0
2496,2,300,2,0
2497,1,0,3,0
2497,2,100,3,7.75
2498,1,300,3,0
2498,2,300,2,7.75
2499,1,300,2,0
2499,2,100,3,0
2500,1,400,2,12.75
2500,2,500,3,7.75
2501,1,200,2,2.75
2501,2,300,3,7.75
2502,1,100,1,7.75
2502,2,100,3,7.75
2503,1,0,0,0
2503,2,200,3,0
2504,1,200,4,0
2504,2,100,3,0
2505,1,100,3,0
2505,2,300,2,2.75
2506,1,300,3,0
2506,2,300,3,0
2507,1,400,2,2.75
2507,2,400,3,0
2508,1,300,3,7.75
2508,2,200,3,0
2509,1,200,3,7.75
2509,2,200,3,2.75
2510,1,50,4,0
2510,2,0,4,7.75
2511,1,100,3,2.75
2511,2,100,4,0
2512,1,1000,3,0
2512,2,1000,2,0
2513,1,300,4,2.75
2513,2,300,3,2.75
2514,1,100,2,2.75
2514,2,50,1,0
2515,1,200,4,0
2515,2,200,4,0
2516,1,300,2,0
2516,2,500,2,7.75
2517,1,0,2,0
2517,2,200,2,0
2518,1,200,2,2.75
2518,2,200,3,0
2519,1,300,3,7.75
2519,2,300,2,2.75
2520,1,50,4,2.75
2520,2,100,4,0
2521,1,100,3,0
2521,2,200,4,0
2522,1,100,3,0
2522,2,100,3,0
2523,1,0,3,2.75
2523,2,12.5,3,0
2524,1,200,2,0
2524,2,100,3,2.75
2525,1,0,0,0
2525,2,0,0,12.75
2526,1,300,3,5.5
2526,2,400,4,2.75
2527,1,100,2,2.75
2527,2,200,2,12.75
2528,1,300,2,20.5
2528,2,200,2,7.75
2529,1,200,3,12.75
2529,2,300,3,0
2530,1,100,2,0
2530,2,100,1,0
2531,1,100,1,0
2531,2,300,1,7.75
2532,1,500,1,0
2532,2,500,2,7.75
2533,1,0,4,0
2533,2,0,3,2.75
2534,1,0,4,0
2534,2,12.5,4,0
2535,1,0,3,0
2535,2,0,4,0
2536,1,300,2,0
2536,2,300,2,0
2537,1,400,3,7.75
2537,2,400,4,7.75
2538,1,200,3,7.75
2538,2,300,3,15.5
2539,1,500,2,7.75
2539,2,400,2,0
2540,1,300,0,7.75
2540,2,300,0,7.75
2541,1,300,3,0
2541,2,300,1,0
2542,1,100,3,2.75
2542,2,100,3,2.75
2543,1,400,3,2.75
2543,2,300,3,5.5
2544,1,100,3,0
2544,2,200,3,7.75
2545,1,300,3,0
2545,2,300,3,0
2546,1,200,1,12.75
2546,2,200,3,7.75
2547,1,12.5,3,0
2547,2,0,4,0
2548,1,300,2,10.5
2548,2,400,3,7.75
2549,1,300,3,12.75
2549,2,300,3,0
2550,1,100,3,0
2550,2,50,3,0
2551,1,300,3,0
2551,2,400,3,0
2552,1,300,3,0
2552,2,300,3,0
2553,1,400,4,0
2553,2,300,4,0
2554,1,1500,4,0
2554,2,2000,4,0
2555,1,12.5,2,0
2555,2,12.5,3,0
2556,1,0,1,0
2556,2,300,2,0
2557,1,12.5,0,7.75
2557,2,50,2,7.75
2558,1,400,2,12.75
2558,2,400,2,0
2559,1,300,3,2.75
2559,2,400,3,2.75
2560,1,500,2,7.75
2560,2,700,3,0
2561,1,200,3,2.75
2561,2,300,3,10.5
2562,1,300,3,7.75
2562,2,400,2,7.75
2563,1,50,3,7.75
2563,2,50,1,0
2564,1,500,2,0
2564,2,700,2,0
2565,1,400,1,0
2565,2,400,1,0
2566,1,100,1,2.75
2566,2,200,2,0
2567,1,12.5,4,0
2567,2,50,3,0
2568,1,300,1,0
2568,2,200,2,2.75
2569,1,0,0,0
2569,2,100,2,0
2570,1,200,3,7.75
2570,2,500,3,0
2571,1,300,2,20.5
2571,2,300,3,15.5
2572,1,100,4,0
2572,2,100,2,7.75
2573,1,300,4,0
2573,2,400,3,7.75
2574,1,200,2,7.75
2574,2,200,4,7.75
2575,1,400,3,0
2575,2,400,3,0
2576,1,50,2,2.75
2576,2,50,3,0
2577,1,400,2,15.5
2577,2,400,2,10.5
2578,1,500,4,25.5
2578,2,500,4,15.5
2579,1,300,3,0
2579,2,0,4,0
2580,1,200,3,0
2580,2,200,3,0
2581,1,700,4,7.75
2581,2,700,3,2.75
2582,1,0,2,0
2582,2,0,3,0
2583,1,400,2,15.5
2583,2,400,1,0
2584,1,300,3,0
2584,2,300,3,7.75
2585,1,200,3,0
2585,2,100,3,0
2586,1,400,0,7.75
2586,2,400,0,7.75
2587,1,300,4,0
2587,2,300,4,0
2588,1,400,3,0
2588,2,500,3,2.75
2589,1,0,3,0
2589,2,0,3,0
2590,1,100,2,0
2590,2,100,3,7.75
2591,1,100,3,2.75
2591,2,200,4,0
2592,1,500,2,7.75
2592,2,500,3,0
2593,1,200,3,7.75
2593,2,200,4,0
2594,1,0,3,0
2594,2,50,2,0
2595,1,400,2,15.5
2595,2,400,4,15.5
2596,1,300,2,12.75
2596,2,300,3,12.75
2597,1,200,0,0
2597,2,200,2,0
2598,1,0,1,0
2598,2,12.5,1,7.75
2599,1,200,1,0
2599,2,300,2,5.5
2600,1,400,2,7.75
2600,2,400,2,15.5
2601,1,300,3,7.75
2601,2,400,3,7.75
2602,1,500,3,0
2602,2,500,3,0
2603,1,0,4,0
2603,2,0,4,0
2604,1,400,3,2.75
2604,2,300,3,0
2605,1,50,3,0
2605,2,50,4,0
2606,1,100,1,0
2606,2,0,0,0
2607,1,0,2,0
2607,2,300,3,7.75
2608,1,500,2,12.75
2608,2,500,3,20.5
2609,1,200,4,0
2609,2,50,4,0
2610,1,300,2,2.75
2610,2,300,3,0
2611,1,0,3,0
2611,2,0,4,0
2612,1,400,2,7.75
2612,2,400,2,15.5
2613,1,200,1,12.75
2613,2,200,1,0
2614,1,100,3,0
2614,2,400,4,0
2615,1,500,3,7.75
2615,2,500,0,0
2616,1,0,4,0
2616,2,50,4,0
2617,1,0,2,2.75
2617,2,0,3,0
2618,1,0,3,0
2618,2,500,3,0
2619,1,100,2,0
2619,2,200,2,0
2620,1,200,1,0
2620,2,200,2,0
2621,1,100,3,2.75
2621,2,400,3,0
2622,1,0,4,0
2622,2,12.5,4,0
2623,1,100,3,0
2623,2,200,2,0
2624,1,500,3,0
2624,2,500,3,2.75
2625,1,400,4,0
2625,2,400,3,0
2626,1,700,3,7.75
2626,2,700,4,15.5
2627,1,500,2,7.75
2627,2,500,2,7.75
2628,1,100,3,0
2628,2,200,3,0
2629,1,100,1,0
2629,2,100,3,7.75
2630,1,50,1,0
2630,2,100,2,0
2631,1,200,3,2.75
2631,2,200,3,0
2632,1,500,2,20.5
2632,2,500,3,20.5
2633,1,300,3,7.75
2633,2,100,3,10.5
2634,1,500,3,12.75
2634,2,500,3,2.75
2635,1,200,3,0
2635,2,200,4,0
2636,1,400,3,2.75
2636,2,400,4,0
2637,1,200,3,10.5
2637,2,200,2,7.75
2638,1,400,2,0
2638,2,300,3,0
2639,1,200,2,7.75
2639,2,200,2,7.75
2640,1,200,4,10.5
2640,2,200,4,12.75
2641,1,200,2,7.75
2641,2,200,1,7.75
2642,1,0,3,0
2642,2,12.5,4,0
2643,1,300,4,0
2643,2,300,4,0
2644,1,300,3,7.75
2644,2,200,3,0
2645,1,300,2,12.75
2645,2,300,3,0
2646,1,0,3,7.75
2646,2,50,4,7.75
2647,1,100,3,2.75
2647,2,200,3,0
2648,1,100,3,0
2648,2,100,2,0
2649,1,300,3,7.75
2649,2,300,3,0
2650,1,200,1,20.5
2650,2,200,2,15.5
2651,1,400,3,7.75
2651,2,500,4,20.5
2652,1,300,3,0
2652,2,400,2,7.75
2653,1,500,3,0
2653,2,500,3,7.75
2654,1,300,3,7.75
2654,2,200,3,2.75
2655,1,12.5,3,0
2655,2,12.5,4,0
2656,1,12.5,2,0
2656,2,12.5,2,0
2657,1,100,3,2.75
2657,2,100,3,0
2658,1,200,1,7.75
2658,2,200,2,0
2659,1,100,3,2.75
2659,2,100,3,10.5
2660,1,200,3,7.75
2660,2,300,3,7.75
2661,1,0,3,12.75
2661,2,400,3,12.75
2662,1,100,2,0
2662,2,100,3,0
2663,1,300,3,2.75
2663,2,300,3,0
2664,1,400,3,0
2664,2,400,4,2.75
2665,1,50,3,7.75
2665,2,50,3,7.75
2666,1,50,2,0
2666,2,12.5,2,0
2667,1,100,2,0
2667,2,100,3,0
2668,1,100,1,15.5
2668,2,200,2,7.75
2669,1,200,2,0
2669,2,300,2,7.75
2670,1,400,3,12.75
2670,2,400,3,12.75
2671,1,400,3,7.75
2671,2,400,3,0
2672,1,50,3,0
2672,2,0,3,0
2673,1,200,1,15.5
2673,2,300,2,2.75
2674,1,300,3,0
2674,2,200,3,0
2675,1,300,3,0
2675,2,0,3,0
2676,1,200,4,0
2676,2,200,4,0
2677,1,200,3,0
2677,2,300,3,2.75
2678,1,300,3,7.75
2678,2,300,3,12.75
2679,1,200,3,0
2679,2,100,4,0
2680,1,200,4,2.75
2680,2,0,4,0
2681,1,100,1,2.75
2681,2,100,3,0
2682,1,200,1,0
2682,2,100,1,0
2683,1,300,3,15.5
2683,2,200,3,12.75
2684,1,500,2,7.75
2684,2,500,2,7.75
2685,1,200,3,2.75
2685,2,400,3,0
2686,1,200,2,2.75
2686,2,500,2,0
2687,1,100,2,2.75
2687,2,100,3,7.75
2688,1,400,3,0
2688,2,400,2,0
2689,1,400,4,0
2689,2,300,3,0
2690,1,100,3,2.75
2690,2,100,3,7.75
2691,1,200,3,7.75
2691,2,100,3,0
2692,1,12.5,3,5.5
2692,2,50,3,0
2693,1,100,2,2.75
2693,2,100,4,0
2694,1,300,3,7.75
2694,2,300,4,7.75
2695,1,50,4,0
2695,2,100,4,0
2696,1,400,4,20.5
2696,2,200,4,7.75
2697,1,400,3,2.75
2697,2,400,4,0
2698,1,100,4,0
2698,2,300,4,12.75
2699,1,400,3,0
2699,2,400,3,0
2700,1,100,0,2.75
2700,2,200,2,7.75
2701,1,500,2,0
2701,2,700,2,0
2702,1,0,3,2.75
2702,2,12.5,2,2.75
2703,1,400,1,0
2703,2,500,1,0
2704,1,50,3,0
2704,2,100,3,0
2705,1,300,3,0
2705,2,400,3,0
2706,1,12.5,2,0
2706,2,0,0,0
2707,1,100,2,0
2707,2,100,2,2.75
2708,1,300,4,2.75
2708,2,300,3,0
2709,1,300,2,2.75
2709,2,300,2,7.75
2710,1,100,1,2.75
2710,2,100,2,2.75
2711,1,100,1,0
2711,2,0,1,0
2712,1,400,3,0
2712,2,300,4,12.75
2713,1,100,3,0
2713,2,0,3,0
2714,1,200,1,2.75
2714,2,200,2,15.5
2715,1,300,3,0
2715,2,500,4,7.75
2716,1,400,2,0
2716,2,300,3,7.75
2717,1,400,2,0
2717,2,400,4,0
2718,1,0,1,0
2718,2,0,1,7.75
2719,1,200,3,0
2719,2,300,3,0
2720,1,700,3,15.5
2720,2,700,4,7.75
2721,1,300,3,0
2721,2,300,4,0
2722,1,50,3,0
2722,2,100,0,2.75
2723,1,300,3,2.75
2723,2,300,4,0
2724,1,200,2,0
2724,2,300,4,0
2725,1,200,3,0
2725,2,300,3,0
2726,1,0,3,0
2726,2,0,3,0
2727,1,100,2,0
2727,2,50,3,0
2728,1,200,1,12.75
2728,2,200,4,7.75
2729,1,700,3,20.5
2729,2,700,4,12.75
2730,1,0,3,7.75
2730,2,0,3,7.75
2731,1,400,1,0
2731,2,400,2,2.75
2732,1,100,3,7.75
2732,2,200,3,0
2733,1,200,3,7.75
2733,2,200,3,0
2734,1,400,4,7.75
2734,2,500,4,20.5
2735,1,700,3,0
2735,2,700,3,7.75
2736,1,300,2,25.5
2736,2,300,2,10.5
2737,1,500,3,0
2737,2,500,3,0
2738,1,200,3,0
2738,2,200,2,12.75
2739,1,100,2,0
2739,2,0,3,2.75
2740,1,0,1,0
2740,2,100,1,0
2741,1,200,1,0
2741,2,200,2,0
2742,1,100,2,0
2742,2,200,2,0
2743,1,100,2,0
2743,2,0,2,0
2744,1,0,3,2.75
2744,2,0,3,0
2745,1,400,4,2.75
2745,2,500,4,7.75
2746,1,200,2,0
2746,2,300,0,7.75
2747,1,300,2,7.75
2747,2,400,2,2.75
2748,1,400,3,0
2748,2,500,3,7.75
2749,1,500,2,0
2749,2,500,4,2.75
2750,1,50,3,2.75
2750,2,50,3,0
2751,1,12.5,4,7.75
2751,2,0,4,0
2752,1,100,3,0
2752,2,0,3,0
2753,1,200,3,0
2753,2,300,4,0
2754,1,300,1,12.75
2754,2,300,2,2.75
2755,1,300,3,0
2755,2,200,3,0
2756,1,300,2,7.75
2756,2,300,2,12.75
2757,1,300,4,2.75
2757,2,50,4,0
2758,1,400,3,0
2758,2,400,4,0
2759,1,700,3,7.75
2759,2,1000,3,12.75
2760,1,100,2,0
2760,2,100,3,0
2761,1,200,2,0
2761,2,400,3,0
2762,1,100,3,0
2762,2,100,3,0
2763,1,300,3,10.5
2763,2,300,1,2.75
2764,1,0,3,0
2764,2,0,3,0
2765,1,12.5,3,0
2765,2,12.5,3,0
2766,1,500,3,0
2766,2,700,4,0
2767,1,200,2,0
2767,2,300,3,0
2768,1,500,2,2.75
2768,2,500,3,0
2769,1,500,3,12.75
2769,2,500,3,7.75
2770,1,0,3,2.75
2770,2,12.5,3,7.75
2771,1,0,4,7.75
2771,2,0,4,7.75
2772,1,0,3,0
2772,2,0,3,0
2773,1,12.5,3,0
2773,2,0,3,0
2774,1,100,1,7.75
2774,2,50,1,7.75
2775,1,200,2,15.5
2775,2,300,3,15.5
2776,1,400,4,2.75
2776,2,400,3,12.75
2777,1,0,0,2.75
2777,2,0,1,0
2778,1,1000,4,0
2778,2,1000,4,0
2779,1,100,4,0
2779,2,100,3,12.75
2780,1,0,3,0
2780,2,50,4,0
2781,1,300,2,7.75
2781,2,300,2,0
2782,1,2250,3,0
2782,2,700,3,7.75
2783,1,100,3,2.75
2783,2,200,3,2.75
2784,1,400,3,2.75
2784,2,400,3,2.75
2785,1,300,3,15.5
2785,2,300,3,7.75
2786,1,0,3,0
2786,2,0,3,0
2787,1,0,3,0
2787,2,200,3,0
2788,1,300,3,7.75
2788,2,300,4,7.75
2789,1,400,2,10.5
2789,2,400,3,7.75
2790,1,400,4,0
2790,2,500,4,7.75
2791,1,700,3,15.5
2791,2,700,4,7.75
2792,1,300,2,15.5
2792,2,300,3,0
2793,1,12.5,2,0
2793,2,0,4,0
2794,1,200,0,0
2794,2,0,1,7.75
2795,1,100,1,0
2795,2,200,1,0
2796,1,200,2,0
2796,2,100,3,0
2797,1,100,3,12.75
2797,2,100,3,12.75
2798,1,0,3,0
2798,2,0,3,0
2799,1,400,3,7.75
2799,2,500,3,15.5
2800,1,400,3,7.75
2800,2,500,3,10.5
2801,1,300,3,7.75
2801,2,200,3,15.5
2802,1,50,2,0
2802,2,100,3,12.75
2803,1,0,2,0
2803,2,300,3,0
2804,1,400,3,0
2804,2,500,4,0
2805,1,50,3,0
2805,2,50,1,0
2806,1,200,3,7.75
2806,2,200,4,0
2807,1,12.5,3,5.5
2807,2,0,3,2.75
2808,1,0,3,0
2808,2,50,4,0
2809,1,100,3,0
2809,2,200,4,0
2810,1,200,3,0
2810,2,200,3,0
2811,1,200,3,7.75
2811,2,300,2,0
2812,1,100,0,7.75
2812,2,100,0,0
2813,1,12.5,4,0
2813,2,12.5,4,0
2814,1,1000,4,0
2814,2,1500,3,0
2815,1,500,2,12.75
2815,2,700,2,0
2816,1,200,2,0
2816,2,50,2,0
2817,1,100,4,0
2817,2,50,3,0
2818,1,400,3,0
2818,2,400,3,0
2819,1,700,3,0
2819,2,700,3,0
2820,1,400,4,0
2820,2,400,4,0
2821,1,300,3,7.75
2821,2,300,4,0
2822,1,300,2,2.75
2822,2,400,3,0
2823,1,0,2,0
2823,2,200,3,7.75
2824,1,400,3,2.75
2824,2,400,3,2.75
2825,1,200,1,7.75
2825,2,300,0,15.5
2826,1,100,4,2.75
2826,2,100,3,7.75
2827,1,400,3,0
2827,2,500,3,0
2828,1,300,3,20.5
2828,2,400,3,15.5
2829,1,500,3,7.75
2829,2,500,3,0
2830,1,200,4,0
2830,2,300,4,0
2831,1,50,2,0
2831,2,100,1,0
2832,1,300,3,7.75
2832,2,200,3,2.75
2833,1,0,2,0
2833,2,0,2,0
2834,1,500,2,0
2834,2,400,3,0
2835,1,400,4,2.75
2835,2,300,2,7.75
2836,1,300,2,10.5
2836,2,400,1,20.5
2837,1,300,3,2.75
2837,2,300,3,2.75
2838,1,50,4,0
2838,2,0,4,0
2839,1,200,2,12.75
2839,2,12.5,3,0
2840,1,400,3,12.75
2840,2,400,3,12.75
2841,1,100,3,0
2841,2,100,4,0
2842,1,50,0,0
2842,2,100,0,0
2843,1,12.5,4,0
2843,2,12.5,3,0
2844,1,200,2,0
2844,2,200,0,0
2845,1,200,3,0
2845,2,300,3,0
2846,1,200,4,2.75
2846,2,200,4,12.75
2847,1,200,3,0
2847,2,200,4,7.75
2848,1,200,2,5.5
2848,2,200,1,2.75
2849,1,300,2,7.75
2849,2,300,2,7.75
2850,1,300,4,0
2850,2,300,4,0
2851,1,200,3,0
2851,2,300,2,0
2852,1,300,1,12.75
2852,2,200,2,12.75
2853,1,200,3,0
2853,2,200,2,7.75
2854,1,12.5,3,0
2854,2,100,4,0
2855,1,0,3,0
2855,2,200,3,7.75
2856,1,100,3,2.75
2856,2,200,3,0
2857,1,200,0,12.75
2857,2,200,2,7.75
2858,1,200,2,0
2858,2,200,2,12.75
2859,1,300,1,0
2859,2,50,1,0
2860,1,100,1,0
2860,2,100,2,0
2861,1,0,4,0
2861,2,0,4,0
2862,1,300,3,10.5
2862,2,300,3,7.75
2863,1,400,3,0
2863,2,400,3,0
2864,1,500,3,7.75
2864,2,700,4,0
2865,1,200,3,0
2865,2,200,3,12.75
2866,1,0,3,0
2866,2,400,4,0
2867,1,100,2,7.75
2867,2,100,2,7.75
2868,1,300,2,2.75
2868,2,100,2,0
2869,1,700,3,7.75
2869,2,1000,3,0
2870,1,50,3,0
2870,2,400,3,0
2871,1,400,2,0
2871,2,400,3,0
2872,1,100,2,0
2872,2,100,2,2.75
2873,1,300,2,15.5
2873,2,100,3,7.75
2874,1,300,1,12.75
2874,2,0,2,7.75
2875,1,100,3,2.75
2875,2,200,1,2.75
2876,1,500,1,0
2876,2,500,1,0
2877,1,100,2,7.75
2877,2,100,2,0
2878,1,100,2,0
2878,2,100,2,0
2879,1,50,4,0
2879,2,50,3,0
2880,1,300,3,0
2880,2,300,3,0
2881,1,300,3,0
2881,2,300,4,7.75
2882,1,100,3,2.75
2882,2,50,3,2.75
2883,1,300,3,0
2883,2,300,3,7.75
2884,1,0,4,2.75
2884,2,0,4,0
2885,1,300,1,12.75
2885,2,300,0,15.5
2886,1,400,2,12.75
2886,2,400,0,20.5
2887,1,0,0,12.75
2887,2,50,1,12.75
2888,1,400,3,0
2888,2,400,4,7.75
2889,1,12.5,1,0
2889,2,12.5,1,0
2890,1,100,3,2.75
2890,2,0,3,2.75
2891,1,50,3,7.75
2891,2,12.5,3,0
2892,1,12.5,3,0
2892,2,300,3,2.75
2893,1,200,3,0
2893,2,300,3,2.75
2894,1,12.5,4,0
2894,2,100,4,0
2895,1,0,3,0
2895,2,0,3,0
2896,1,100,4,0
2896,2,100,3,0
2897,1,100,2,2.75
2897,2,200,2,0
2898,1,12.5,3,0
2898,2,100,3,0
2899,1,0,4,0
2899,2,0,4,7.75
2900,1,300,0,7.75
2900,2,300,2,0
2901,1,200,2,2.75
2901,2,300,3,12.75
2902,1,200,1,10.5
2902,2,100,3,7.75
2903,1,200,2,0
2903,2,100,2,0
2904,1,300,3,0
2904,2,300,2,0
2905,1,500,1,10.5
2905,2,500,3,7.75
2906,1,400,1,7.75
2906,2,400,2,7.75
2907,1,400,3,12.75
2907,2,500,3,0
2908,1,300,2,0
2908,2,300,1,0
2909,1,100,3,0
2909,2,200,3,0
2910,1,100,3,7.75
2910,2,200,3,2.75
2911,1,100,2,0
2911,2,200,3,0
2912,1,200,0,0
2912,2,200,2,0
2913,1,0,3,0
2913,2,0,3,2.75
2914,1,200,3,10.5
2914,2,400,2,0
2915,1,400,4,12.75
2915,2,400,3,0
2916,1,0,1,7.75
2916,2,300,2,0
2917,1,0,4,0
2917,2,0,4,0
2918,1,200,1,0
2918,2,300,2,7.75
2919,1,0,3,0
2919,2,100,4,10.5
2920,1,100,3,2.75
2920,2,300,3,2.75
2921,1,200,4,0
2921,2,200,3,7.75
2922,1,300,4,12.75
2922,2,300,4,0
2923,1,200,0,7.75
2923,2,100,0,2.75
2924,1,100,4,0
2924,2,200,4,2.75
2925,1,200,3,0
2925,2,0,4,0
2926,1,50,2,0
2926,2,50,3,0
2927,1,300,2,7.75
2927,2,400,2,12.75
2928,1,200,2,2.75
2928,2,300,1,10.5
2929,1,200,3,0
2929,2,200,3,0
2930,1,50,3,0
2930,2,0,3,0
2931,1,200,3,0
2931,2,100,3,0
2932,1,50,2,12.75
2932,2,0,2,7.75
2933,1,400,3,2.75
2933,2,300,3,0
2934,1,700,4,0
2934,2,700,4,0
2935,1,0,3,0
2935,2,0,3,0
2936,1,100,3,7.75
2936,2,300,3,0
2937,1,100,1,0
2937,2,100,1,10.5
2938,1,0,4,0
2938,2,300,4,7.75
2939,1,200,1,12.75
2939,2,200,0,0
2940,1,200,4,7.75
2940,2,0,4,0
2941,1,200,3,0
2941,2,200,3,0
2942,1,100,2,0
2942,2,200,3,0
2943,1,100,2,0
2943,2,50,3,0
2944,1,100,3,7.75
2944,2,100,3,0
2945,1,50,1,0
2945,2,100,2,0
2946,1,300,2,0
2946,2,100,1,7.75
2947,1,0,3,7.75
2947,2,12.5,2,0
2948,1,300,3,0
2948,2,50,4,0
2949,1,200,3,0
2949,2,200,4,0
2950,1,300,1,0
2950,2,300,4,0
2951,1,300,3,15.5
2951,2,200,3,15.5
2952,1,100,2,0
2952,2,100,2,0
2953,1,200,3,2.75
2953,2,100,1,7.75
2954,1,12.5,2,0
2954,2,12.5,2,0
2955,1,100,4,5.5
2955,2,300,2,2.75
2956,1,300,3,0
2956,2,0,2,0
2957,1,300,1,2.75
2957,2,300,2,2.75
2958,1,700,3,0
2958,2,0,3,0
2959,1,300,3,0
2959,2,300,4,0
2960,1,300,1,0
2960,2,300,3,0
2961,1,300,4,0
2961,2,400,4,0
2962,1,300,1,2.75
2962,2,400,2,7.75
2963,1,300,3,7.75
2963,2,400,4,7.75
2964,1,300,2,0
2964,2,300,3,0
2965,1,400,2,2.75
2965,2,100,1,15.5
2966,1,12.5,2,0
2966,2,200,2,0
2967,1,50,2,7.75
2967,2,100,2,7.75
2968,1,50,3,0
2968,2,0,3,0
2969,1,200,2,0
2969,2,200,2,7.75
2970,1,100,3,7.75
2970,2,100,3,12.75
2971,1,12.5,2,15.5
2971,2,0,3,0
2972,1,500,3,7.75
2972,2,500,1,7.75
2973,1,200,2,2.75
2973,2,200,3,12.75
2974,1,0,0,2.75
2974,2,200,3,12.75
2975,1,300,3,0
2975,2,300,2,0
2976,1,0,4,0
2976,2,100,4,0
2977,1,200,2,2.75
2977,2,200,3,10.5
2978,1,100,2,2.75
2978,2,12.5,2,2.75
2979,1,100,1,0
2979,2,100,2,0
2980,1,12.5,1,0
2980,2,100,3,2.75
2981,1,100,3,2.75
2981,2,100,3,0
2982,1,200,3,0
2982,2,200,3,0
2983,1,100,3,0
2983,2,100,3,0
2984,1,100,4,0
2984,2,100,4,2.75
2985,1,500,3,0
2985,2,500,3,0
2986,1,0,2,7.75
2986,2,50,3,0
2987,1,400,3,0
2987,2,500,1,0
2988,1,0,3,0
2988,2,0,3,0
2989,1,400,3,0
2989,2,400,3,7.75
2990,1,200,3,0
2990,2,300,3,2.75
2991,1,300,3,0
2991,2,300,4,2.75
2992,1,50,2,7.75
2992,2,50,2,15.5
2993,1,400,1,7.75
2993,2,400,3,7.75
2994,1,200,4,0
2994,2,12.5,3,0
2995,1,100,3,0
2995,2,100,2,0
2996,1,100,1,7.75
2996,2,100,3,0
2997,1,400,2,12.75
2997,2,400,2,0
2998,1,100,2,12.75
2998,2,200,3,2.75
2999,1,300,3,15.5
2999,2,400,3,10.5
3000,1,200,3,7.75
3000,2,12.5,3,7.75
3001,1,300,0,7.75
3001,2,200,3,0
3002,1,200,2,0
3002,2,200,2,0
3003,1,200,4,7.75
3003,2,300,4,7.75
3004,1,300,3,0
3004,2,200,4,0
3005,1,400,4,7.75
3005,2,400,3,0
3006,1,100,2,2.75
3006,2,200,3,7.75
3007,1,200,2,0
3007,2,200,2,7.75
3008,1,0,4,0
3008,2,0,4,0
3009,1,50,3,15.5
3009,2,50,3,2.75
3010,1,200,3,10.5
3010,2,100,4,0
3011,1,0,3,0
3011,2,0,2,0
3012,1,100,3,0
3012,2,12.5,3,0
3013,1,50,3,10.5
3013,2,200,3,0
3014,1,100,3,0
3014,2,50,1,0
3015,1,200,2,2.75
3015,2,300,0,7.75
3016,1,300,3,15.5
3016,2,200,3,7.75
3017,1,400,4,12.75
3017,2,700,3,10.5
3018,1,300,3,0
3018,2,300,2,0
3019,1,200,2,7.75
3019,2,200,1,0
3020,1,0,3,0
3020,2,0,4,0
3021,1,200,4,0
3021,2,200,4,7.75
3022,1,400,2,12.75
3022,2,50,4,0
